Barcode,Cluster
AAACAAGTATCTCCCA-1,6
AAACAGAGCGACTCCT-1,6
AAACATTTCCCGGATT-1,2
AAACCCGAACGAAATC-1,6
AAACCGGGTAGGTACC-1,2
AAACCGTTCGTCCAGG-1,1
AAACCTAAGCAGCCGG-1,1
AAACGAGACGGTTGAT-1,5
AAACGGGCGTACGGGT-1,2
AAACTCGGTTCGCAAT-1,1
AAACTCGTGATATAAG-1,3
AAACTGCTGGCTCCAA-1,7
AAAGCTTGCCTACATA-1,6
AAAGGCTACGGACCAT-1,1
AAAGGCTCTCGCGCCG-1,1
AAAGGGATGTAGCAAG-1,4
AAAGGGCAGCTTGAAT-1,1
AAAGTGTGATTTATCT-1,4
AAAGTTGACTCCCGTA-1,8
AAATAAGGTAGTGCCC-1,6
AAATACCTATAAGCAT-1,7
AAATAGCTTAGACTTT-1,3
AAATAGGGTGCTATTG-1,7
AAATCCGATACACGCC-1,1
AAATCGTGTACCACAA-1,1
AAATCTAGCCCTGCTA-1,7
AAATGATTCGATCAGC-1,3
AAATGGTCAATGTGCC-1,8
AAATTAACGGGTAGCT-1,10
AAATTACCTATCGATG-1,3
AAATTCCAGGTCCAAA-1,5
AACAACTGGTAGTTGC-1,1
AACAATTACTCTACGC-1,1
AACACACGCTCGCCGC-1,7
AACAGGAAATCGAATA-1,2
AACAGGATGGGCCGCG-1,1
AACAGGTAGTATGGAT-1,6
AACATATCAACTGGTG-1,3
AACATCGATACGTCTA-1,6
AACCCGAGCAGAATCG-1,2
AACCCTACTGTCAATA-1,6
AACCGAGCTTGGTCAT-1,9
AACCGCTAAGGGATGC-1,5
AACCTCGCTTTAGCCC-1,2
AACCTGTCACGGAATT-1,5
AACCTTTAAATACGGT-1,1
AACCTTTACGACGTCT-1,6
AACGATAATGCCGTAG-1,7
AACGATAGAAGGGCCG-1,2
AACGATATGTCAACTG-1,4
AACGCATGATCTGGGT-1,3
AACGCGGTCTCCAGCC-1,4
AACGCTGTTGCTGAAA-1,4
AACGGACGTACGTATA-1,7
AACGGCCATCTCCGGT-1,1
AACGTACTGTGGGTAC-1,1
AACGTCAGACTAGTGG-1,1
AACGTGCGAAAGTCTC-1,5
AACTACCCGTTTGTCA-1,6
AACTAGGCTTGGGTGT-1,2
AACTCAAGTTAATTGC-1,1
AACTCCAGAGCGTGTT-1,2
AACTCTCAATAGAGCG-1,3
AACTCTCAGTGTGCTC-1,1
AACTGATATTAGGCCT-1,4
AACTGGGTCCCGACGT-1,4
AACTTGCCCGTATGCA-1,1
AAGACCCAACTGAACA-1,1
AAGACTGCAAGCTACT-1,8
AAGAGATGAATCGGTA-1,1
AAGAGCTCTTTATCGG-1,5
AAGAGGATGTACGCGA-1,1
AAGAGGCATGGATCGC-1,6
AAGAGGCCCTTTGGAA-1,4
AAGATTGGCGGAACGT-1,3
AAGCACCCTGCGTATC-1,1
AAGCATACTCTCCTGA-1,1
AAGCCGAAGCGGTTTA-1,6
AAGCGCAGGGCTTTGA-1,1
AAGCTAGATCGAGTAA-1,7
AAGCTCGTGCCAAGTC-1,8
AAGCTCTTTCATGGTG-1,4
AAGGAGCGGTTGGTGC-1,8
AAGGATCGATCGCTTG-1,5
AAGGATGAGGGACCTC-1,3
AAGGCAGGCTGTCTCC-1,8
AAGGCGCGTAAAGCTT-1,1
AAGGCTGTGCTCATCG-1,1
AAGGGACAGATTCTGT-1,3
AAGGTATCCTAATATA-1,3
AAGGTGATAAACCAGC-1,8
AAGTAGAAGACCGGGT-1,2
AAGTAGTGACGCGAGG-1,1
AAGTCAATTGTCGTCA-1,6
AAGTGCCTTGACTGTA-1,8
AAGTGTTTGGAGACGG-1,7
AAGTTCACTCCAAGCT-1,4
AAGTTCAGTCTGCGTA-1,3
AAGTTGTGATGTTATA-1,2
AAGTTTATGGGCCCAA-1,2
AATAACAACGCTCGGC-1,1
AATAACACTAGAACAA-1,1
AATAGAACAGAGTGGC-1,1
AATAGAATCTGTTTCA-1,5
AATAGCTACCGCGTGC-1,3
AATAGTCCGTCCCGAC-1,1
AATATCGAATCAATGC-1,6
AATATCGAGGGTTCTC-1,3
AATCATGTAAAGACTC-1,7
AATCGCCTCAGCGCCA-1,8
AATCGCGCAGAGGACT-1,4
AATCGTGAGCCGAGCA-1,1
AATCTATGCCGGAGCC-1,3
AATCTGCGTTGGGACG-1,3
AATGACGTAGGATGTC-1,4
AATGACTGTCAGCCGG-1,8
AATGATGATACGCTAT-1,3
AATGATGCGACTCCTG-1,3
AATGCAACCGGGTACC-1,5
AATGCACCAAGCAATG-1,3
AATGGTTCTCACAAGC-1,2
AATTAAAGGTCGGCGT-1,1
AATTAACGGATTTCCA-1,2
AATTAGCGCTGCAGCG-1,1
AATTCATAAGGGATCT-1,3
AATTCGATTCGAGGAT-1,2
AATTCTAGAGTTAGGC-1,1
AATTGAACGCTCTGGT-1,8
AATTGCAGCAATCGAC-1,4
AATTGTGGTTGCCAAA-1,1
ACAAAGCATGACCTAG-1,2
ACAAATCGCACCGAAT-1,7
ACAAATGGTAGTGTTT-1,4
ACAACAGCATGAGCTA-1,3
ACAAGCAGTGCCTAGC-1,1
ACAAGGAAATCCGCCC-1,7
ACAAGGACAAGAGGTT-1,1
ACAAGGATGCTTTAGG-1,2
ACAAGGGCAGGCTCTG-1,4
ACAATCCATTTAAACC-1,1
ACAATTGTGTCTCTTT-1,4
ACAATTTGAGCAGTGG-1,3
ACACAAAGACGGGTGG-1,9
ACACACCAGGACCAGT-1,4
ACACACTTTCTACACG-1,9
ACACCACATAATTAGC-1,6
ACACCCAGCATGCAGC-1,8
ACACCCGAGAAATCCG-1,2
ACACCTTAAGTAGGGC-1,2
ACACCTTACTACTTGC-1,5
ACACGAGACTCCTTCT-1,3
ACACGGGAACTTAGGG-1,4
ACACGTAGGCCACAAG-1,2
ACACTGATCAAGGTGT-1,1
ACACTGGGACAGTCGT-1,2
ACAGCGACATTCTCAT-1,2
ACAGGCTTGCCCGACT-1,7
ACAGGTGGAGGTGAGG-1,1
ACAGTATACCGTGGGA-1,6
ACATAATAAGGCGGTG-1,5
ACATCCCGGCCATACG-1,2
ACATCGATCGTTTACC-1,7
ACATCGGTCAGCCGCG-1,1
ACATCGTATGCAATGG-1,4
ACATGGCGCCAAAGTA-1,5
ACATTAGTTTATATCC-1,1
ACCAAACACCCAGCGA-1,6
ACCAACACCACACACT-1,3
ACCAACCGCACTCCAC-1,2
ACCAACGCTTATTTAT-1,1
ACCAAGAACGCGTGTC-1,2
ACCAATATGCAAGTTA-1,2
ACCACAAGTTTCTATC-1,5
ACCACCAATGTAACAA-1,5
ACCACCCTCTCTTCTA-1,4
ACCACGTGCAGCTATA-1,7
ACCAGTGCGGGAGACG-1,4
ACCATATCCGCAATAA-1,8
ACCATCGTATATGGTA-1,1
ACCCAACGCCCGTGGC-1,3
ACCCACCTACATGCTC-1,1
ACCCATCTTGAGGGTA-1,1
ACCCATTTGTCCCTCT-1,2
ACCCGGAAACTCCCAG-1,2
ACCCGGAGCACCACAA-1,2
ACCCGGATGACGCATC-1,3
ACCCGGTTACACTTCC-1,1
ACCCGTGTCATCAGTA-1,2
ACCCTATGCCATATCG-1,2
ACCCTCCCTTGCTATT-1,7
ACCCTGGTAACGCCCT-1,3
ACCGACACATCTCCCA-1,1
ACCGACTGAGTCCCAC-1,9
ACCGATAGGCATAACC-1,2
ACCGATATTTAATCAT-1,2
ACCGATGGTAGCATCG-1,5
ACCGCAATAACTGCCT-1,7
ACCGCGGTGGAAGTCG-1,4
ACCGGGCCTTTGTTGA-1,5
ACCTAATCGACTTCCT-1,1
ACCTACAGTATGTGGT-1,5
ACCTCCGCCCTCGCTG-1,7
ACCTCCGTTATTCACC-1,6
ACGAAATGGGCGGCAC-1,2
ACGAGTACGGATGCCC-1,3
ACGATACATAGAACTA-1,3
ACGATCATACATAGAG-1,4
ACGATCATCTTGTAAA-1,5
ACGATGCATATGTTAT-1,1
ACGCAATCACTACAGC-1,3
ACGCATACGTTTACTA-1,7
ACGCATTCGTGAGTAC-1,8
ACGCCAGATGATTTCT-1,4
ACGCCGCTAGACGACC-1,7
ACGCGAAGTCAGACGA-1,1
ACGCGCTACACAGGGT-1,1
ACGCGGGCCAAGGACA-1,8
ACGCTAGTGATACACT-1,3
ACGGACTCTCAAAGCG-1,2
ACGGAGCGCAAATTAC-1,3
ACGGATGGTGCGGATA-1,2
ACGGCACTTGCTTGGG-1,1
ACGGCCAACATGGACT-1,2
ACGGCGACGATGGGAA-1,7
ACGGGCGTATGCGACA-1,6
ACGTAGATTGCTGATG-1,8
ACGTATTACTCCGATC-1,4
ACGTGCGCCTCGTGCA-1,2
ACGTTAATGTCGAAGA-1,8
ACGTTAGATTTGCCCG-1,1
ACGTTCGCAATCAATT-1,5
ACGTTCTGTACAAGTC-1,2
ACGTTTAGTTGTGATC-1,2
ACTACCAGCTCTCTGG-1,1
ACTACGCGTTAGAATT-1,1
ACTAGTTGCGATCGTC-1,6
ACTATCCAGGGCATGG-1,8
ACTATCTGCCCGCGTA-1,7
ACTCAAGTGCAAGGCT-1,2
ACTCAATAAAGGCACG-1,9
ACTCCCGAATTCGTTT-1,3
ACTCCCGTAGACTAGG-1,6
ACTCCCTAATGCTAAA-1,1
ACTCCCTAGAATAGTA-1,7
ACTCGCCGTTCGATAA-1,4
ACTCGTCAGTAATCCC-1,6
ACTCTCTGACTTAGGT-1,4
ACTCTTGTATAGTAAC-1,8
ACTGAAACGCCGTTAG-1,4
ACTGAATGGCGAAAGT-1,7
ACTGCCGTCGTAACTC-1,9
ACTGCGGACACACCGT-1,5
ACTGTACGATACACAT-1,3
ACTGTAGCACTTTGGA-1,1
ACTGTCCAGGATTATA-1,10
ACTGTCTTCTTTAGAA-1,9
ACTTACGCATCCACGC-1,1
ACTTATACTTACCCGG-1,3
ACTTATTAGGATCGGT-1,1
ACTTATTTATGTGCCA-1,5
ACTTCAGGCTGATCCC-1,7
ACTTCCATGCGGGACA-1,2
ACTTCGCCATACGCAC-1,3
ACTTGACTCCCTCTTT-1,7
ACTTGGGACCCGGTGG-1,8
ACTTGTGGATGGAACG-1,7
ACTTTACCCTCATGAA-1,3
ACTTTCCTATAGCTTC-1,4
ACTTTGTCGACGCACT-1,2
AGAAATTATGACTCGC-1,7
AGAACGTGGTACATTC-1,3
AGAAGAGCGCCGTTCC-1,4
AGAAGGTTGCCGAATT-1,1
AGAAGGTTGTAGGTCG-1,2
AGAATTATGGATTCGA-1,3
AGACCATGGGATACAA-1,1
AGACCCACCGCTGATC-1,8
AGACCCGCCCTCCTCG-1,9
AGACCGCTCCGCGGTT-1,6
AGACGAAGTGCCGGTC-1,5
AGACGCCCACTTCGCC-1,2
AGACTAGCCTTCCAGA-1,1
AGAGAACCGTCTAGGA-1,3
AGAGCCGCCGAGATTT-1,2
AGAGCGGGCTAATCAT-1,2
AGAGCGTACAAGCTCG-1,1
AGAGGCTTCGGAAACC-1,7
AGAGTAAACTTCACTA-1,6
AGAGTATAGTGTTACG-1,6
AGATAACTTCAGGGCC-1,1
AGATACCAATAGAACC-1,2
AGATACCAGCACTTCA-1,6
AGATACCGGTGTTCAC-1,1
AGATACGACTTCATAT-1,4
AGATACTCAAGATCGA-1,8
AGATATAATACGACTA-1,1
AGATCGTGCATAAGAT-1,3
AGATCTCAGGTGTGAT-1,3
AGATGACTCGCCCACG-1,4
AGATGATGGAGTCTGG-1,3
AGATTATAGGACGTTT-1,4
AGCAAAGGCCGCTAGT-1,2
AGCAACATATCTTATT-1,5
AGCACCAGTACTCACG-1,4
AGCACTACCTCACCAG-1,7
AGCACTTAAGGACGCC-1,1
AGCAGAAGGAGAAAGA-1,1
AGCAGCCAGATGAATA-1,1
AGCATATCAATATGCT-1,7
AGCATCGTCGATAATT-1,8
AGCATTACGAGGCAAG-1,4
AGCCAAGCTTTGTGTC-1,1
AGCCACAGGTTACCCG-1,1
AGCCACTCCCGTGCTT-1,3
AGCCCGGTAGCCTGTA-1,2
AGCCCTAAGCGAAGTT-1,2
AGCCCTTCTAATCCGA-1,3
AGCCCTTGGACATCCC-1,2
AGCGACAGGAACGGTC-1,1
AGCGACATCCCATTCA-1,5
AGCGACCAACGATATT-1,9
AGCGATGCGCCTAATA-1,2
AGCGCATAATGAATCG-1,1
AGCGCGGGTGCCAATG-1,3
AGCGGACACTTCGTAG-1,1
AGCGGGTCTGACACTC-1,1
AGCGGTTGCCGCTCTG-1,6
AGCGTGGTATTCTACT-1,7
AGCTAAGTACGCAGGC-1,2
AGCTAGAAGCAGAAGT-1,3
AGCTATTTAATCCAAC-1,5
AGCTCCATATATGTTC-1,2
AGCTCCTTCGCACATC-1,7
AGCTCTAGACGTTCCA-1,8
AGCTCTTCCCAGTGCA-1,8
AGCTCTTCGTAACCTT-1,8
AGCTCTTTACTCAGTT-1,1
AGCTGAAGTAAACCAA-1,6
AGCTTCTTCTCGAGCA-1,4
AGGAACGAACGACTTC-1,1
AGGAAGCTGTCCGCCG-1,2
AGGACAGTCGAATCCC-1,8
AGGACGACCCATTAGA-1,1
AGGACGCTCGATGTTG-1,3
AGGAGACATCCACAGT-1,6
AGGAGGCCTTCGCGCG-1,7
AGGATAAAGTCGGGAT-1,2
AGGATATAGGGATTTA-1,4
AGGATTGCTTACGACA-1,6
AGGCACGTGACTGTCC-1,2
AGGCAGATGCGTAAAC-1,3
AGGCAGGGAGCGTACT-1,1
AGGCATTGTCGTAGGG-1,5
AGGCCACCCGTTATGA-1,1
AGGCCTGAGAATCTCG-1,2
AGGCGATAACTGGCGT-1,5
AGGCGTCTATGGACGG-1,6
AGGCTATGGTTAGCTT-1,1
AGGCTTCCCGAAGAAG-1,1
AGGGACCGGCTGCGTT-1,6
AGGGACTCTACGCGAC-1,1
AGGGAGACATACTTCG-1,3
AGGGCCCTAATGTTCT-1,1
AGGGCGTGATCGGCTA-1,2
AGGGCTGCAGTTACAG-1,8
AGGGTCAGTAACCCTA-1,6
AGGGTCGATGCGAACT-1,3
AGGGTGCTCTCGAGGG-1,3
AGGGTTCCCTTTGGTT-1,3
AGGGTTTAGTTCGGGA-1,8
AGGTAGGTACAAAGCT-1,1
AGGTATAATTGATAGT-1,5
AGGTCGCCTCCCAACA-1,2
AGGTCGCGGAGTTACT-1,3
AGGTGGTGACCTTCGC-1,2
AGGTGTTGCCGACCAC-1,4
AGGTTACACCATGCCG-1,8
AGGTTGAGGCACGCTT-1,9
AGGTTTCACACACCTT-1,8
AGTAATGTCTTGCCGC-1,5
AGTACATCATTTATCA-1,3
AGTACGGGCACCTGGC-1,3
AGTACTCTTATGCCCA-1,7
AGTAGGAAGGAAGTTG-1,6
AGTATAATACTAGGCA-1,1
AGTATTTGGCACGACC-1,1
AGTCAACACCACCATC-1,1
AGTCAAGATGACACTT-1,5
AGTCACTAGCTCTCGA-1,7
AGTCCATTGGCTGATG-1,8
AGTCCCGCCTTTAATT-1,6
AGTCGACGGTCTCAAG-1,5
AGTCGGCCCAAACGAC-1,1
AGTCGGTTGCGTGAGA-1,5
AGTCGTATAAAGCAGA-1,2
AGTCGTCGACCACCAA-1,7
AGTCTAAAGTATACTC-1,3
AGTCTTCTCCTCAAAT-1,9
AGTCTTTAAAGTGTCC-1,1
AGTGAACAAACTTCTC-1,8
AGTGAAGATGGTGTCC-1,6
AGTGACCTACTTTACG-1,1
AGTGAGACTTCCAGTA-1,3
AGTGAGCCTCGCCGCC-1,3
AGTGAGTCGAATTAAC-1,4
AGTGATAACCTGCGCG-1,5
AGTGATATGAGTAGTT-1,1
AGTGATTCAAGCAGGA-1,3
AGTGCACGCTTAAGAA-1,4
AGTGCGTAGCTCGTAA-1,1
AGTGCTAAACACAGCA-1,2
AGTGCTTGCACGAATA-1,5
AGTGGCGGCAATTTGA-1,3
AGTGGCGTCTGAAGGT-1,2
AGTGTATTGCGCATTG-1,6
AGTGTGGTCTATTGTG-1,2
AGTTAAACACTTGCGA-1,1
AGTTAAGCGGTCCCGG-1,6
AGTTACTCTATCGTGG-1,6
AGTTCCTACAGAATTA-1,8
AGTTCCTATTTATGTT-1,7
AGTTGACGGTCCTTGC-1,1
AGTTGGCAAGGCTAGA-1,4
AGTTTATGTAAAGACA-1,6
AGTTTGCACCTGCCTC-1,1
AGTTTGGCACGGGTTG-1,5
ATAAACGGACCCGTAA-1,1
ATAAACGTTGCACCAC-1,2
ATAAAGGCTCGGTCGT-1,2
ATAAATATTAGCAGCT-1,1
ATAACGCCGGAGGGTC-1,5
ATAACGGAGTCCAACG-1,4
ATAAGGTGGAGAACAT-1,7
ATAAGTAGGATTCAGA-1,3
ATAAGTAGGGCGACTC-1,3
ATAAGTTACCGCGACG-1,1
ATAATAGCTGTTGAAT-1,8
ATAATCTTGGAGAACC-1,2
ATAATTAGCTAAGTAG-1,1
ATACAGGCCCTCCAAT-1,1
ATACCACGGGCAACTT-1,1
ATACCTAACCAAGAAA-1,2
ATACGCCGGCGAAACC-1,8
ATACGGGTTTCGATTG-1,5
ATACGTACTTAGCCAC-1,7
ATACGTCCACTCCTGT-1,5
ATACGTTATGCACGGA-1,1
ATACTACCCGTACCAC-1,2
ATACTAGCATGACCCT-1,4
ATACTGCCTTACACCG-1,4
ATAGACAACGGGACCT-1,3
ATAGACGAAGAGAAAG-1,1
ATAGAGTACTGGGACA-1,8
ATAGAGTTATCAACTT-1,3
ATAGCAACTAGGGAAG-1,2
ATAGGCTAGCTTCGCA-1,3
ATAGGGATATCCTTGA-1,2
ATAGGTTGGGCAGATG-1,2
ATAGTGAAGCGTTCTC-1,8
ATAGTTCCACCCACTC-1,3
ATATAAAGCGCTCGTG-1,2
ATATAAATGTAGCTGC-1,4
ATATAACACGGGCGCA-1,1
ATATACGCTCGTGACG-1,2
ATATCAACCTACAGAG-1,3
ATATCGGTAGGGAGAT-1,8
ATATCGTTCCTCGAAC-1,4
ATATCTCCCTCGTTAA-1,6
ATATCTTAGGGCCTTC-1,10
ATATGTCTCCCTAGCC-1,3
ATATTCAGTTAAACCT-1,1
ATATTCCACATAGTGA-1,7
ATATTGCTGTCAAAGT-1,2
ATATTGGAGAGGCCTT-1,2
ATATTTAACCCTCAAG-1,8
ATCAAACACTGTTCCA-1,6
ATCAAACGAAGGTTTG-1,1
ATCAATCTGGGCTGCA-1,8
ATCACATTAGAATATC-1,6
ATCACTTCATCCTCGC-1,4
ATCAGACGGCACGCCG-1,1
ATCAGCCTCATGCTGC-1,7
ATCAGTAGGCAGGGAT-1,3
ATCATAGCCCTATGTA-1,2
ATCATCCAATATTTGT-1,8
ATCCAACGCAGTCATA-1,1
ATCCACATCGACAGAA-1,1
ATCCAGAGCAACAACC-1,1
ATCCAGGATTCGTGAA-1,1
ATCCTACCTAAGCTCT-1,1
ATCCTGAATCGCTGCG-1,1
ATCCTGCGTGGAATGG-1,1
ATCGACCCAATACAGA-1,7
ATCGACTCTTTCCGTT-1,4
ATCGCACGCCGGGAGA-1,9
ATCGCCAGTCAACATT-1,4
ATCGCTGCGTGCAGCA-1,3
ATCGGAGACAGACGGC-1,7
ATCGGCAAGCAGTCCA-1,3
ATCGTTAGCTAGCGGA-1,7
ATCTAATATCCTACGG-1,1
ATCTAGCTTGTGAGGG-1,2
ATCTCCCACGGAATAT-1,2
ATCTCCCTGCAATCTA-1,9
ATCTCGTGAGCGAAAC-1,6
ATCTGCACCTCTGCGA-1,3
ATCTGGGCTGTTCTTG-1,2
ATCTGGTTAAGACTGT-1,5
ATCTTATCGCACACCC-1,4
ATCTTGACCTGCAACG-1,1
ATCTTGACTTGTCCAA-1,3
ATCTTTCGTATAACCA-1,5
ATGAAGCCAAGGAGCC-1,2
ATGACGCCGGCTCTAA-1,5
ATGACTATGCGACATT-1,7
ATGAGGAGTGTTAATC-1,1
ATGAGGGCAGCGGCTA-1,5
ATGATCGGGAATAGAC-1,5
ATGATGCAATGGTACA-1,1
ATGCACTACCGCATTG-1,1
ATGCATGATCCAGGAT-1,4
ATGCCAATCGCTCTGC-1,3
ATGCCATTTGCGACCA-1,4
ATGCCGGTCTTGCATA-1,3
ATGCCGGTTGATGGGA-1,6
ATGCGACAGTCCCATT-1,8
ATGCGAGTCCCACCAC-1,6
ATGCTCTGGCGCGGTA-1,1
ATGCTTAGGAGTTGAT-1,2
ATGGAACCTTTGCACA-1,4
ATGGAGCAGGCCGTGA-1,10
ATGGATCCGGCGTCCG-1,6
ATGGATTGACCAAACG-1,4
ATGGCGGAATAGTCGC-1,5
ATGGGCCTCGGCCTCT-1,5
ATGGTCGCGTGGTTTC-1,4
ATGTAAGGCTGCTCTT-1,5
ATGTACATGCGGTGAG-1,2
ATGTACGATGACGTCG-1,1
ATGTAGCGCGCGTAGG-1,4
ATGTGCATCCGACGCA-1,2
ATGTGGACATCTTGAT-1,7
ATGTTGATTAGAGACT-1,2
ATTAAACATGCGGACC-1,8
ATTAATACTACGCGGG-1,2
ATTAATGAACCAGTCG-1,3
ATTACATGTCAGTCTT-1,2
ATTACCACACTGCCTG-1,6
ATTACGACTCCACAGT-1,6
ATTACGCGCTGGCAGG-1,1
ATTACTAGCCTCTTGC-1,2
ATTACTTACTGGGCAT-1,3
ATTAGATTCCTCAGCA-1,3
ATTAGATTGATAGCGG-1,2
ATTAGGCGATGCTTTC-1,8
ATTATACTTTGCTCGT-1,6
ATTATAGCTACTTTAC-1,5
ATTATGCCATAGGGAG-1,8
ATTATTCAGAGTCACT-1,2
ATTCAACCATTTAAGG-1,4
ATTCACTGATGTTGGA-1,1
ATTCAGGACCTATTTC-1,3
ATTCAGTAGCAGGGTC-1,1
ATTCATATACTGTCCA-1,1
ATTCATCGTTGAGGCA-1,2
ATTCCCACATAAACAA-1,2
ATTCCTAAGACGTGGA-1,3
ATTCCTCCGCCAGTGC-1,1
ATTCGACGCCGGGCCT-1,2
ATTCGCGCCTTGAGAG-1,2
ATTCGTGCTATCTCTT-1,5
ATTGAAGATCTTAGTG-1,2
ATTGACCGGCGATGAC-1,3
ATTGATGAGTCCTAAC-1,3
ATTGCCTTTATGTTTG-1,2
ATTGCGATCAGTAACT-1,7
ATTGCTGCTCCTCCAT-1,1
ATTGGATTACAGCGTA-1,7
ATTGTACAACTCGGCT-1,3
ATTGTCGCAATACCTT-1,6
ATTTAACTCGTATTAC-1,2
ATTTACAGTTTACTGG-1,1
ATTTACTAAGTCCATT-1,3
ATTTGTCTTGGGAGCT-1,6
ATTTGTTCCAGGGCTC-1,9
CAAACGAGTATCGCAG-1,1
CAAACGGTCGCACTTT-1,1
CAAACTCGCGACGCCG-1,6
CAAATGTCCTTCCGTG-1,1
CAAATTGGATTATGCC-1,3
CAACACATCTCCTGCC-1,6
CAACCAGTGGCCTACC-1,2
CAACCTACCGAGCAGT-1,2
CAACGACCCGTTTACA-1,8
CAACGGTTCTTGATAC-1,2
CAACGTGGTGGAGTCT-1,2
CAACTATATCGAATGC-1,6
CAACTCCTTGATCCCG-1,2
CAACTGCTCATCCGAT-1,1
CAAGAGGGCGGAGTAC-1,7
CAAGATATTATAACGT-1,8
CAAGCAACGTCGGAGT-1,1
CAAGCACCAAATGCCT-1,4
CAAGCGGCACATAATT-1,1
CAAGGATCGCATGTTC-1,10
CAAGGCCAGTGGTGCA-1,1
CAAGGTCCTATAGGCT-1,5
CAAGTGTGGTTGCAAA-1,5
CAATAAACCTTGGCCC-1,3
CAATACGAGAGTCTGA-1,6
CAATATTCTTGACCTA-1,1
CAATGAGGTTCGACTA-1,6
CAATGCGAGAAGTATC-1,7
CAATGGATCTCTACCA-1,3
CAATGTGCCAACCCTT-1,4
CAATTAAGGGTGATGA-1,9
CAATTTCGTATAAGGG-1,10
CACAATGAGCTGCTAT-1,1
CACACACGCTAACGAG-1,7
CACACAGCTTGCGCTC-1,6
CACACAGGGATAGATT-1,1
CACACGCGCTGTCTTA-1,3
CACAGCACCCACGGCA-1,2
CACAGCTAGGGAGTGA-1,9
CACAGGGCCATATAGT-1,7
CACAGGGCCGTTGTCA-1,1
CACAGTCCCGCTTCGC-1,2
CACAGTTCGCTTCCCA-1,5
CACATATTAGCAGGAT-1,7
CACATCTCACCGACGA-1,2
CACATGATTCAGCAAC-1,10
CACATTCTTTCGATGG-1,5
CACATTTCTTGTCAGA-1,6
CACCCAAATCTTATGT-1,5
CACCCACACGTCACCC-1,1
CACCCACGAGGCAATT-1,6
CACCCGGTTTGTGACT-1,1
CACCCTAACAAGATCT-1,7
CACCGCCAGAAGGTTT-1,4
CACCGCGTCCACTCTA-1,3
CACCGTATCCCATCCG-1,7
CACCGTTAGGGATCAC-1,2
CACCTAATCAGTTTAC-1,9
CACCTCGATGGTGGAC-1,9
CACCTTGCGAAACTCG-1,3
CACCTTGGCGCCTTTG-1,5
CACGAAAGTTAGTCCC-1,1
CACGCACAGCGCAGCT-1,9
CACGCAGCGAGGCTTT-1,1
CACGCGGAACTGTTGC-1,8
CACGGACGTGGATGGC-1,9
CACGGCGCGCCAAAGG-1,3
CACGTCAATCAATGGA-1,2
CACGTCGGCAACCTCT-1,1
CACGTTCGTGCTCTAG-1,6
CACGTTTCGTACACAC-1,7
CACTAAAGTTGCCTAT-1,5
CACTACGGGAGCTGCC-1,2
CACTCAAGAGCTATGG-1,8
CACTCCTCTCGGTCGG-1,6
CACTCGAGCTGAACAA-1,5
CACTCTTCTGCTAGCC-1,2
CACTGTCCAAGTGAGA-1,2
CACTTAATCAGACGGA-1,1
CAGAACTTAGCCCTCT-1,7
CAGAATAACACACGGA-1,2
CAGACACCGATCGCTG-1,1
CAGACCTGTAAGTGTT-1,3
CAGACGAACCTGATAC-1,1
CAGAGACGGTCACCCA-1,1
CAGAGCATGAGCTTGC-1,9
CAGAGGCGATGCATGA-1,1
CAGATAATGGGCGGGT-1,2
CAGATACTAACATAGT-1,1
CAGATCATTTAAAGTC-1,3
CAGCAGCCCGTTCCTT-1,3
CAGCAGTCCAGACTAT-1,5
CAGCAGTCTGTGCTGC-1,2
CAGCCTCCTGCAGAGG-1,4
CAGCCTCGATAGCGGT-1,1
CAGCCTCTCCTCAAGA-1,6
CAGCGATTCCCTTCAA-1,1
CAGCTCACTGAGACAT-1,8
CAGCTCGACAAGTTAA-1,3
CAGCTTAGTAGGTAGC-1,1
CAGGATATATCGTTGT-1,8
CAGGCAGTCTTACCAG-1,2
CAGGCCGTTTGGGTGT-1,1
CAGGCGCCATGCTAGG-1,7
CAGTAACTATTTATTG-1,3
CAGTAATCCCTCCCAG-1,2
CAGTACATTCTCTAAA-1,3
CAGTAGCCCACGCGGT-1,3
CAGTCGAGGATGCAAT-1,3
CAGTCTGTATACTGGG-1,7
CAGTGAATAAATGACT-1,3
CAGTGTCCGCAGAATG-1,1
CAGTGTCGGCTGGCCC-1,7
CAGTTCAAATTGACAC-1,8
CAGTTCCGCGGGTCGA-1,1
CATAACGGACAGTCGT-1,3
CATAAGAAGCTTGGCT-1,1
CATACACGGTTCCCAC-1,2
CATACCCGTACCCAGT-1,1
CATACGGCGTCTGGGC-1,8
CATACTATGTAATTGT-1,1
CATACTTAGGCAATAC-1,5
CATAGAGGAGATACTA-1,4
CATAGCCGCCCGGGAT-1,2
CATAGCGTTGCCCACC-1,1
CATAGTACATTGAGAG-1,10
CATAGTAGCATAGTAG-1,2
CATAGTCAAATACATA-1,2
CATATACTACTGATAA-1,3
CATATAGGTACAGTCA-1,1
CATCATTACCCTGAGG-1,7
CATCCTCTCAAAGATC-1,4
CATCGGACGGGTTAAT-1,8
CATCTAGTGAAGGGAA-1,6
CATCTATCCCGTGTCT-1,3
CATCTTACACCACCTC-1,3
CATGACTTCGCTGAAT-1,8
CATGAGATGCACTCTC-1,2
CATGATCGCTTTGAGA-1,2
CATGATGCACAATTCT-1,9
CATGATGGAAGTTAGC-1,5
CATGCGACCAGTTTAA-1,3
CATGCGTTAGACAGAA-1,9
CATGGATTGTCTTCCG-1,7
CATGGCAGGAAGATCG-1,8
CATGGGTATGCCTTAT-1,7
CATGGGTCGGGTGTGG-1,4
CATGGTAAGTAGCGTT-1,7
CATGGTCTAGATACCG-1,4
CATGTAAGAGACATTT-1,7
CATGTAGGAGCGCCAA-1,4
CATGTCTCATTTATGG-1,7
CATTACATAGATTGTG-1,6
CATTACGTCGGCCCGT-1,5
CATTATGCTTGTTGTG-1,4
CATTCCCATTCCGTCG-1,6
CATTCGTCGTAGCGGT-1,1
CATTGATGAACACGCC-1,6
CATTGCGGGTCAATTC-1,3
CATTTAGCGGACCATG-1,3
CATTTGAGTGGTACGT-1,1
CCAAACAGAACCCTCG-1,8
CCAAATAACAAGATTC-1,6
CCAACGATGCACTGAT-1,1
CCAAGAAAGTGGGCGA-1,1
CCAAGACTTCTGCGAA-1,4
CCAAGCGTAACTCGTA-1,5
CCAATAGTGCCGTCGA-1,1
CCAATGTCACAGCAAG-1,1
CCAATTACGGGTCGAG-1,6
CCAATTGAATGTTAAT-1,1
CCACAATGTACGTCTT-1,3
CCACACTGAGATATTA-1,1
CCACAGTACCCATCCT-1,6
CCACATACTGCACCCA-1,6
CCACCAACTTTACTGT-1,1
CCACCCAAGGAAAGTG-1,8
CCACCTGTATGGAATA-1,2
CCACGAATTTAACCTC-1,6
CCACGAGAAGAGAATC-1,4
CCACGGTGCCCGGTAG-1,3
CCACGTAAATTAGACT-1,6
CCACTATCCGGGTCAC-1,6
CCACTGTTTGGATTAA-1,5
CCAGAAAGCAACTCAT-1,1
CCAGATAGTTGAGTGA-1,3
CCAGCCTGGACCAATA-1,10
CCAGCTCGAACGCATT-1,1
CCAGGCTGGCGTCTGA-1,2
CCAGGGACGTGGCCTC-1,4
CCAGTAGTCTGATCCA-1,3
CCAGTCTAGACGGCGC-1,3
CCAGTCTTGTCATAGA-1,1
CCATACCTTTACTTGT-1,3
CCATAGGTTGGCGTGG-1,2
CCATATGGAAACTATA-1,7
CCATCGCAGTTAAACT-1,1
CCATCTCACCAGTGAA-1,3
CCATGCCCTAGATTTC-1,7
CCATGCCTGTTTAGTA-1,8
CCATGCTCTGCAGGAA-1,5
CCATTAGCGATAATCC-1,1
CCATTCCCTGCCCACA-1,1
CCATTTCTACCTATTA-1,2
CCCAAACATGCTGCTC-1,3
CCCAACATACGTCGCG-1,1
CCCAAGTCATTACACT-1,4
CCCAATTTCACAACTT-1,1
CCCAGAGGAGGGCGTA-1,3
CCCAGGTCTGAAGGCT-1,4
CCCAGTTAAGGCGCCG-1,5
CCCATATAGGTCGATT-1,1
CCCGACCATAGTCCGC-1,9
CCCGAGTTTCTCCGTA-1,6
CCCGCAGCGCGAACTA-1,7
CCCGCCATGCTCCCGT-1,1
CCCGGTGGAAGAACCT-1,2
CCCGTAAGTCTAGGCC-1,2
CCCGTCAGCGTCTGAC-1,8
CCCGTTTCGCAGATGT-1,5
CCCTCATTCTGGAATT-1,2
CCCTCCTCGCTCGTAT-1,6
CCCTGAAATGAGTTGA-1,1
CCCTTTAATGGAGTTC-1,4
CCCTTTGACAGGTCTT-1,1
CCGAACCTTCCCGGCC-1,7
CCGACAATAGGCCGCC-1,2
CCGAGAAGTCGCATAA-1,6
CCGAGCTGTGCTTGTC-1,3
CCGATCTCAACCTTAT-1,3
CCGCACAAAGACCAAC-1,6
CCGCACGTGACCTCGG-1,1
CCGCATGTGGTACGAT-1,1
CCGCCGTTGAGGATAA-1,6
CCGCCTGCGAATTGGT-1,6
CCGCGGAATGCGTCAC-1,1
CCGCGGGTACGAAGAA-1,1
CCGCTATCAGCACCAG-1,7
CCGCTCTTCCGAACTA-1,2
CCGCTTGCTGACATGG-1,3
CCGGAATGGTTTCAGT-1,1
CCGGAGCGTACTTTCT-1,1
CCGGAGGTCTTATGGT-1,6
CCGGCACGACCGTTTC-1,4
CCGGGACCCGCAGAGA-1,5
CCGGGCGGTCTCGTCA-1,3
CCGGGCTGCTCCATAC-1,3
CCGGGTTCGAGGTTAC-1,1
CCGGTAATGGCTAGTC-1,5
CCGGTTTGTAATTGTG-1,1
CCGTAAGTTGGTCCCA-1,3
CCGTAGGAAATCCCTG-1,2
CCGTAGGGTTGTTTAC-1,2
CCGTATTAGCGCAGTT-1,3
CCGTGAGGCATTCATG-1,4
CCGTGGAACGATCCAA-1,3
CCGTTACGTTAGAACA-1,5
CCTAAATTAACGGTTC-1,7
CCTAAATTGTATCCTA-1,7
CCTAACCCAAACAAGT-1,7
CCTAACTAAGGCTCTA-1,3
CCTACATTCACAGACG-1,1
CCTACTCAACACGATT-1,1
CCTACTGCTTACACTT-1,8
CCTAGGCGTAGCGATC-1,3
CCTATAATGAGTGCCC-1,7
CCTATACCGTCCTGTC-1,1
CCTATATTTGTCCTGG-1,2
CCTATCTATATCGGAA-1,4
CCTATGAAGTGGTGCC-1,4
CCTATGGGTTACCGTC-1,4
CCTATGTCCACTCCAC-1,1
CCTCACCAATCTTGAC-1,1
CCTCACCTGAGGGAGC-1,3
CCTCACCTTAGCATCG-1,3
CCTCACGTCAGCTAAT-1,2
CCTCCGACAATTCAAG-1,1
CCTCCTGTTGTGTCGT-1,2
CCTCGAAGTGGACGGG-1,5
CCTCGCCAGCAAATTA-1,4
CCTCGCGCGATATAGG-1,3
CCTCGCGCTGTGCGAT-1,2
CCTCGGACCGGGATAG-1,5
CCTCTAATCTGCCAAG-1,9
CCTCTCTCCCATCTAG-1,1
CCTCTGTACTATTCTA-1,1
CCTGAACGATATATTC-1,3
CCTGAATATTTACATA-1,9
CCTGACCACCGATGGT-1,8
CCTGCTATTTGAGAAG-1,4
CCTGGAAACGTTCTGC-1,6
CCTGGCTAGACCCGCC-1,1
CCTGGTCGAATGTGGG-1,2
CCTGTAAGACATGATA-1,1
CCTGTCACCCGGGCTC-1,9
CCTGTCCCTCACGTTA-1,5
CCTGTCGCCCGTAAAT-1,10
CCTGTTTGAAGACACG-1,4
CCTTCTTGATCCAGTG-1,9
CCTTGACCACTTTATT-1,4
CCTTTAAGGGAGCACT-1,1
CCTTTCAATGAAGAAA-1,3
CGAAACGCAATTCATG-1,1
CGAACAGTATGGGCGT-1,7
CGAACCCGCATGCGTC-1,1
CGAACGCCCAGTGCCG-1,5
CGAAGCTATAAATTCA-1,3
CGAAGTTGCTCTGTGT-1,1
CGAATGACGCATAATG-1,1
CGACAATTTGATCTAA-1,8
CGACACGCTCCGACAG-1,4
CGACAGTTCGCGTTAT-1,1
CGACTCAGGATGTTAT-1,3
CGACTTTGTATAGCCT-1,5
CGAGACCCTAGAGTGT-1,7
CGAGAGATGTGAACCT-1,3
CGAGAGCTTTCACTAC-1,1
CGAGAGGGTAGCCGCG-1,7
CGAGATTTCGCTCGGG-1,8
CGAGCACTTCAAGTTT-1,1
CGAGCTGGGCTTTAGG-1,4
CGAGGAGCTTCCATAT-1,3
CGAGGATCGGGAACGA-1,5
CGAGGCTAAATATGGC-1,5
CGAGGGACTGCGGTCG-1,5
CGAGGGTATCCAGGTG-1,1
CGAGTTCTGTCCCACC-1,3
CGAGTTTATCGGACTG-1,3
CGATAATACTCAGGTT-1,5
CGATACCTCGCGGACA-1,1
CGATAGTCGTACTGCA-1,1
CGATCCGACCCAGTGC-1,1
CGATGGACCCTACGCC-1,3
CGATTAAATATCTCCT-1,1
CGATTCGCCTGGCTGC-1,1
CGCAAACACGAGTTAC-1,1
CGCAATTACTTTCGGT-1,1
CGCAATTAGGGTAATA-1,1
CGCAATTCTACAATAA-1,1
CGCACATGTCCACTAC-1,5
CGCACGTGCGCTATCA-1,3
CGCAGATCTTCACCCG-1,3
CGCAGGCGATCCAAAC-1,7
CGCATCCATCAGCCAG-1,5
CGCATGCCGAATGCGT-1,2
CGCATGGTGCGATGCT-1,7
CGCATTAGCTAATAGG-1,9
CGCCATCCGATTATGA-1,3
CGCCCAGCACGCCTAG-1,1
CGCCCAGCGTTTCACG-1,1
CGCCCGCTTCCGTACA-1,6
CGCCGCCCATGCCTGT-1,6
CGCCGTTCAGCATAGT-1,8
CGCCTCCCTCCTCTAT-1,7
CGCCTGGCCTACGTAA-1,2
CGCCTTTAGCATGCTC-1,5
CGCGAAGTGGCATACT-1,1
CGCGACCGCGACAGAT-1,2
CGCGAGAGGGACTTGT-1,3
CGCGCATGTTTGATTG-1,1
CGCGCCCGACTTAATA-1,9
CGCGGCTCAACTTGAA-1,8
CGCGGGAATTAGGCAG-1,3
CGCGGTAAGTCTAGCT-1,6
CGCGGTACGGTATACA-1,2
CGCGGTCACAAACCAA-1,3
CGCGTTCATGAAATAC-1,5
CGCTACGGGACATTTA-1,1
CGCTAGAGACCGCTGC-1,6
CGCTATACCGCCCACT-1,2
CGCTATTCTTAGGCTC-1,10
CGCTCGACATAATGAT-1,1
CGCTCTCCGTAGATTA-1,1
CGCTGGTGACTACCCT-1,5
CGCTGTGACGCCGCAC-1,2
CGCTTATTCCCGGTCG-1,1
CGCTTCCACTGAAATC-1,2
CGCTTCGGTCTAAGAC-1,1
CGCTTGGACGGATAGA-1,2
CGCTTTCATACCGGTG-1,2
CGCTTTCTTGCATTCG-1,3
CGGAAAGAATCAAACG-1,1
CGGAACGTAAACATAG-1,1
CGGAGCAATTTAATCG-1,1
CGGAGCATGGCGATCC-1,10
CGGAGTTTGAGAGACA-1,1
CGGATCCTCAAGGACT-1,2
CGGCAAACATCGTGCG-1,1
CGGCAATAAGATCGCC-1,4
CGGCAGGGTCGGGTTG-1,3
CGGCCACGCACAAAGT-1,10
CGGCCCAACCTGTAGT-1,3
CGGCCCAGGTATATCC-1,8
CGGCGCCATCAATCCC-1,5
CGGCTCTAAAGCTGCA-1,6
CGGGAATATAGTATAC-1,6
CGGGAATTTATGTAAA-1,4
CGGGAGCTTCAGTGTA-1,5
CGGGATCAATGTAAGA-1,4
CGGGCAGCTAAACCGC-1,10
CGGGCCTTCTTTGTAA-1,1
CGGGTGTACCCATTTA-1,3
CGGGTTTGTTAGGGCT-1,2
CGGTACTAGAATCAAA-1,8
CGGTAGAGGTGCAGGT-1,3
CGGTCAAGTGGGAACC-1,4
CGGTCCATGAGACTCC-1,6
CGGTCTATCAACCCGT-1,6
CGGTGCAGATAGAACG-1,1
CGGTGCGCGTTGGTCC-1,1
CGGTGGGCTCCAGCCT-1,6
CGGTTATCCAACAGTG-1,3
CGGTTCAAGTAGGTGT-1,3
CGTACCTGATAGGCCT-1,9
CGTAGAGAGTAATTAT-1,2
CGTATCTAGAACTAAG-1,5
CGTATTAAGAGATCTA-1,10
CGTCACGTCCATTGGT-1,1
CGTCGCATGTGAGCCA-1,1
CGTCGGATAGTGTTGA-1,3
CGTCGTCCTTCGCGAA-1,1
CGTCTGGAAGGGCCCG-1,9
CGTGAAGTTAATTCAC-1,8
CGTGACATTGGGTCGT-1,6
CGTGACCAGTCCTCTG-1,1
CGTGCAGACTGGGACA-1,10
CGTGCATTGTCGACGC-1,1
CGTGCCCTCCCGAAGA-1,4
CGTGGAAGCCTCGTAC-1,5
CGTGGCCGAATATCTA-1,5
CGTGTATGGGAGCTGA-1,4
CGTGTCCCATTCGCGA-1,1
CGTGTGTTAAACCCTG-1,5
CGTTAAACTAGTTAGG-1,6
CGTTAATGTCCCGACG-1,2
CGTTCAGACCCGCGAA-1,1
CGTTCTTCGCACACCT-1,3
CGTTGAATACCGCGCT-1,2
CGTTGAGCGACCGTCG-1,8
CGTTGTAAGATTGATT-1,3
CGTTGTCGGCAATTGA-1,1
CGTTGTTTCAATTCCC-1,1
CGTTTACAAGGCAGCT-1,6
CGTTTCACTTCGGGCG-1,6
CGTTTCGCTCATTACA-1,1
CGTTTGGTGTTGTGGG-1,2
CGTTTGTGTAGAGGGT-1,1
CTAAAGAATGCCTACT-1,1
CTAAAGGGAAATAGGA-1,7
CTAAATCCTATTCCGG-1,3
CTAACCGCGCGCCCGT-1,1
CTAACGAAACTTGCTG-1,3
CTAACTGATAATCGCC-1,5
CTAACTGGTCCGGTTC-1,1
CTAAGGGAATGATTGG-1,7
CTAATTCGCACGCGCT-1,1
CTAATTCTCAGATATT-1,3
CTAATTTCAACAACAC-1,1
CTACACTCGCAGATGG-1,7
CTACCCTAAGGTCATA-1,3
CTACGCACGGAGTACC-1,10
CTACTATCTTTCAGAG-1,3
CTACTCTAGGCCCGGC-1,1
CTACTGCCACCTGACC-1,5
CTAGATGTGAGTGTAA-1,3
CTAGATTTACGACGGC-1,7
CTAGCATAGTATAATG-1,8
CTAGCCACAGGCGAGC-1,5
CTAGCCGATGTTATGA-1,3
CTAGGCGCCCTATCAG-1,4
CTAGGTCTGAAGGAAT-1,3
CTAGGTTCGGACGTGA-1,2
CTAGTAGAAAGGGATT-1,2
CTAGTCACGTCTTAAG-1,8
CTAGTGAAGGACAGGA-1,1
CTAGTTACAACCCGGT-1,1
CTAGTTGGGCCCGGTA-1,9
CTATAAGAGCCAATCG-1,3
CTATCGACGAAATACA-1,7
CTATCGCGTAGAGAAC-1,2
CTATCGGGTCTCAACA-1,8
CTATGCCCGAATGCAA-1,1
CTATGGGAAGCGGAAT-1,7
CTATGTCACTAGCCCA-1,9
CTATTCATGTGTCCCA-1,1
CTATTTGGTTACGGAT-1,5
CTCAACTAACCCGGAT-1,1
CTCACATTTACTAAAT-1,1
CTCACTGTGATACTTA-1,1
CTCACTTGGCTGGTAA-1,1
CTCAGTCACGACAAAT-1,3
CTCATTGCTCTAACAA-1,1
CTCATTTGATGGGCGG-1,4
CTCCCAATGAGTCGCG-1,6
CTCCGCCCACATGAGG-1,1
CTCCGGCCTAATATGC-1,9
CTCCTCCAGCTCACAC-1,2
CTCCTGTTCAAGGCAG-1,2
CTCCTTTACGCAAGTC-1,3
CTCGAGGTCGAACAGT-1,2
CTCGATATTTGCGAGC-1,3
CTCGCACCTATATAGT-1,9
CTCGCCGAATGTAGGG-1,2
CTCGGGATAACACCTA-1,6
CTCGGTACCACTGCTC-1,5
CTCGGTCCGTAGCCTG-1,2
CTCGTTTCTAATGTTT-1,3
CTCTAATGCATTGATC-1,3
CTCTAGCCCTCGGAAA-1,2
CTCTATTTGGCTGCAG-1,7
CTCTCACAATCGATGA-1,8
CTCTGGACGCCTGGTG-1,4
CTCTGTTTGAGGATTC-1,9
CTCTTCTATTGACTGG-1,5
CTCTTGTCCCGCTTGG-1,2
CTGAAAGAGATCCGAC-1,4
CTGAATCCGAGACCTC-1,1
CTGAATTTATTGCCAG-1,3
CTGACATAGAAATAGA-1,6
CTGACTGCGCAGCTCG-1,3
CTGAGAAAGTTCGGCG-1,6
CTGCAAGCACGTTCCG-1,2
CTGCACAACTACATAT-1,7
CTGCACCTAGTCCACA-1,5
CTGCACCTGGAACCGC-1,1
CTGCACTCCAGTACAG-1,2
CTGCAGAGAATCAGAG-1,2
CTGCCAAGGTTGGAAG-1,4
CTGCCATGCATCACAT-1,7
CTGCCTCATATGCAAC-1,5
CTGCCTTTCTAGTAAA-1,1
CTGCGTTACGATATAA-1,6
CTGCTGAGGCCACGAA-1,1
CTGCTGTCTAACGAGC-1,6
CTGCTTGGCGATAGCT-1,7
CTGCTTTATGTCCGCG-1,3
CTGGAAATGGATGCTT-1,5
CTGGAAGACACGGTGG-1,2
CTGGATTTACACTTGA-1,1
CTGGCGACATAAGTCC-1,6
CTGGCGCACAGGTCTG-1,3
CTGGCTGATTCATCCT-1,5
CTGGCTGGTTGTCAGT-1,1
CTGGGATAAATAATGG-1,5
CTGGGATACGCTACCC-1,5
CTGGGTAGGCAGTTAA-1,4
CTGGTAAAGTGTGGGC-1,2
CTGGTAACACATAGAA-1,5
CTGGTAACGAGCTCTT-1,3
CTGGTTTCGAGCAAGA-1,5
CTGTACTTCTTAGCAT-1,1
CTGTAGCCATCTCACT-1,1
CTGTATGGTGTAGAAA-1,2
CTGTCAAATGGCTCGG-1,3
CTGTGCAGGGTAGGTC-1,8
CTGTGGTCGGGAGATA-1,4
CTGTTACCCAATCTAG-1,1
CTGTTCACTGCCTGTG-1,2
CTGTTCATCTCACGGG-1,2
CTTACACGGTATTCCA-1,1
CTTACACTGGGAAATA-1,2
CTTAGCCTTCCACATG-1,4
CTTAGTAGGCCTACAG-1,3
CTTAGTGTAGTAGCAT-1,2
CTTATAGATGGCTGTT-1,2
CTTCAACTCCACTTGG-1,2
CTTCATAGCTCAAGAA-1,5
CTTCATTGTCAGTGGA-1,10
CTTCCGCTCCGTGAAG-1,1
CTTCGATTGCGCAAGC-1,2
CTTCGGCCAATTGTTT-1,6
CTTCGTAGATAGGTGA-1,1
CTTCTATTAATGCTAG-1,1
CTTCTTACGTCGTATA-1,8
CTTGAGTTAGGGTAAT-1,3
CTTGCCCAGGCTCTAC-1,1
CTTGGCCAAGCTGGGA-1,1
CTTGTACTTGTTGACT-1,8
CTTGTCAACATTCGAG-1,2
CTTGTGCTCACCGATT-1,3
CTTGTTGCTGAGTCAA-1,5
CTTTAACTTTCAAAGG-1,9
CTTTAATATTGGTCGA-1,7
CTTTACCGAATAGTAG-1,7
CTTTAGGAACACTGTT-1,5
CTTTAGTGCTATTATT-1,7
CTTTCTGTGCGGGCTT-1,1
CTTTGCATCGCTCTTG-1,2
CTTTGGCTTTAGTAAA-1,1
GAAACAGATGACCACC-1,6
GAAACCATGGTGCGCT-1,3
GAAACCGAATTACCTT-1,1
GAAACCTATACAAATG-1,1
GAAACTCGTGCGATGC-1,2
GAAAGAACAGCGTTAT-1,3
GAAAGCAGTGCACTTT-1,1
GAAAGTGACTAACTGC-1,1
GAAATATGCTTGAATG-1,3
GAAATCGCGCGCAACT-1,4
GAAATGGCGGTGTTAG-1,8
GAAATTAGCACGGATA-1,3
GAAATTGTCTCTATAA-1,1
GAACAACTGGGATGAA-1,2
GAACACACATCAACCA-1,8
GAACAGATTACTAAAT-1,1
GAACCCTCTGTGTTCT-1,2
GAACCTTTAACGATCC-1,2
GAACGACCGAATGATA-1,4
GAACGCGGGTCACACG-1,5
GAACGTCTCATGGTCG-1,3
GAAGCCACTGATTATG-1,1
GAAGCCTGCACATTCC-1,1
GAAGCGTGAGGAATTT-1,10
GAAGCTTGCTGACCGC-1,1
GAAGGCTACCATTGTT-1,6
GAAGTCAGTTGCACTA-1,2
GAAGTCTCCCTAGCGA-1,3
GAAGTGATTTATCGTG-1,1
GAAGTGCTGGATAGCT-1,8
GAAGTTTCCACTCAAT-1,1
GAATAGACGCGACCCA-1,5
GAATAGCATTTAGGGT-1,6
GAATAGCCCTGCGGTC-1,3
GAATCGACATGGTCAC-1,1
GAATCTGAACATTCTC-1,7
GAATGAAGGTCTTCAG-1,6
GAATGCGAATCGGTTC-1,1
GAATGTATGGCAGGTC-1,6
GAATGTGGTCCGGATT-1,4
GAATGTTGGGTAATCT-1,9
GAATTATAGTGAAAGG-1,8
GAATTCACCCGGGTGT-1,1
GAATTTCTCGCTGCAG-1,1
GACAAACATATGCAGG-1,8
GACAACGACCATTGAA-1,3
GACAACGCAGCTTACG-1,8
GACAAGAGATGAGATT-1,2
GACACAAGGGAAGAAA-1,3
GACACTGAGTTCAGTG-1,1
GACACTGGAACCCGAT-1,7
GACAGCCAGACCTGAC-1,6
GACATCCGTCGAACTG-1,1
GACATCGATTTATAAC-1,1
GACCAAACGTTGACTG-1,2
GACCAGAGCCCTGTAG-1,2
GACCGACGTGAAAGCA-1,5
GACCGCGTCTGACGTG-1,6
GACCGTGCTGACGGTG-1,1
GACCTTCCACGTCTAC-1,1
GACGACGATCCGCGTT-1,8
GACGAGGCTAATAAAC-1,7
GACGCCGTAAAGGCTA-1,1
GACGCTTGCTTCTAAA-1,1
GACGGGTTGGCCCGTA-1,2
GACGGTCAATAGAAGC-1,3
GACGTGTAGGGATTAT-1,4
GACGTTCGTAAATACA-1,3
GACTAAGATCATGCAC-1,5
GACTAAGTAGGCTCAC-1,1
GACTAGGCCGTTAGGT-1,1
GACTCACCCACGTGAG-1,6
GACTCCCAGAATAAGG-1,3
GACTCGCGGGAATGAC-1,3
GACTGCAAATCGAGCT-1,1
GACTGCACCAGCCCAG-1,4
GAGAACGGTTCTGACT-1,4
GAGACTGATGGGTAGA-1,2
GAGACTTCGCGACCGA-1,2
GAGAGGCCTATGTGTA-1,4
GAGAGGGCGCGAGGTT-1,2
GAGATCTGCTTGGCAT-1,1
GAGATCTGTCACTCCG-1,3
GAGATCTTCCATGACA-1,8
GAGATGACAATCCTTA-1,5
GAGATGGGAGTCGACA-1,7
GAGCACCTGTGTCCAG-1,1
GAGCCAGCTACCTGTG-1,4
GAGCGAGGGAGTACCG-1,4
GAGCGCAAATACTCCG-1,7
GAGCGCGCACGAGTAG-1,6
GAGCTAAGGGCATATC-1,5
GAGCTGTCGTCTCGGA-1,5
GAGGAATGGAGAGGTT-1,1
GAGGATAAACAGTGCT-1,5
GAGGCCTGTTGATACA-1,4
GAGGCTATCAAAGTCG-1,1
GAGGGCCATAATATTA-1,6
GAGGGCGCAGCTCTGC-1,3
GAGGTACGCGTGTCCC-1,2
GAGTAAACCGGAAAGT-1,6
GAGTAGATACTAGTTG-1,1
GAGTATCAAAGTTACA-1,2
GAGTATGCCCGCCTTG-1,1
GAGTATGCGCGTGCAT-1,1
GAGTCAGACCAGAATC-1,1
GAGTCCGCTTACCGGA-1,1
GAGTGTCAACCAGAAA-1,2
GAGTGTGCGGTACCCA-1,8
GATAACTCGCACTGTG-1,3
GATACGATGGGAGTCA-1,1
GATAGGTAACGTTGAC-1,1
GATATGAGACACTAAC-1,5
GATATGCGGTAGCCAA-1,6
GATATTGAGATTGGCG-1,3
GATATTTCCTACATGG-1,6
GATCATTCCAAACATT-1,5
GATCCCTTTATACTGC-1,5
GATCCGGGAATTAACA-1,8
GATCCTAAATCGGGAC-1,3
GATCGACACTATCTGA-1,1
GATCGCGGGCTCTCCA-1,8
GATCGCTACCCGATTT-1,6
GATCGGTGGCCATAAC-1,9
GATCGTGACTGATATC-1,8
GATCTCGACGCTGTGG-1,6
GATCTGCTATCTAAGG-1,1
GATCTTGGAGGGCATA-1,7
GATCTTTGCAGGGTAT-1,1
GATGACGATGATCGCG-1,3
GATGAGGAACCTTCGG-1,2
GATGCGTCCTGCATTC-1,8
GATGCTACAAGCGCCT-1,2
GATGCTGTATTTCATC-1,8
GATGTTCAATCCACGA-1,1
GATTAACCGAAAGCCC-1,7
GATTACTGAATTTGGG-1,1
GATTCCCTTGTCGCAG-1,9
GATTCCGCGTTTCCGT-1,6
GATTCCTATACGGCGC-1,2
GATTCGACGGTTCACG-1,7
GATTGGGAAAGGTTGT-1,1
GCAAACCCTACATTAT-1,7
GCAAACCTTGGCCATA-1,1
GCAAACGTCGCCAGGT-1,6
GCAAATATTACGCTTT-1,1
GCAACAGCAGTATGCG-1,6
GCAACGGCTAGTTATG-1,5
GCAAGAATTCCTTGGC-1,1
GCAAGTGCACAGAGAA-1,2
GCACAAACGAGGCGTG-1,6
GCACACACTGGTAGCC-1,7
GCACGCCTACTTAGAT-1,2
GCACGTGGTTTACTTA-1,4
GCACTGCCTACCTTTA-1,1
GCAGACCCAGCACGTA-1,5
GCAGATCCATAAGACT-1,7
GCAGATTAGGGATATC-1,10
GCAGCACACAGCCCAG-1,1
GCAGCCTATATCACAT-1,4
GCAGGACTATAGAATA-1,1
GCAGGTAGAGTATGGT-1,6
GCAGTGTGGCTATAGG-1,2
GCAGTTCGATCCGAGC-1,2
GCATAGAGCACTCAGG-1,10
GCATCCCTAACTTTGA-1,5
GCATCGGCCGTGTAGG-1,4
GCATGAGGGACGCGGC-1,3
GCATGCTAATAACGAT-1,2
GCATTCAAGGCAACGC-1,3
GCATTTCCAAGGCTCC-1,5
GCCAACCATTTCCGGA-1,3
GCCAATAGGGCATCTC-1,3
GCCACAATTTAAGGAC-1,1
GCCACTCAGAGCGCGA-1,2
GCCACTCCTTACGGTA-1,2
GCCAGGAGTAACCGAT-1,3
GCCATATTGCACACAG-1,3
GCCATCGAGCTGCGTG-1,1
GCCATCGATGCTGCAT-1,3
GCCCAGATGCTGGAGA-1,5
GCCCAGTTGGTATGCC-1,1
GCCCGATCTGTGGTCG-1,1
GCCCGCGCGTAAACGG-1,1
GCCCGCGCGTTTGACA-1,1
GCCCGTAATACCTTCT-1,3
GCCCTGAGGATGGGCT-1,2
GCCGAAATTCCTACGT-1,1
GCCGATTGGCCAAGCT-1,7
GCCGCACTCCGTTTCA-1,5
GCCGCTTGTGAGAAAC-1,1
GCCGGGTTAGGGTCGC-1,8
GCCGTGGAAGAAATGT-1,5
GCCTACGTTCTGTGCA-1,1
GCCTAGCGATCTGACC-1,2
GCCTATAGTGTCAGGG-1,3
GCCTATGCTGGGCCTT-1,6
GCCTATTCCGATATAG-1,2
GCCTCATCTGGAAATA-1,6
GCCTCCGACAATTCAC-1,2
GCCTCTATACATAGCA-1,2
GCCTTCAGCCCTACCG-1,2
GCGAAACGATCGGGAG-1,7
GCGAAACTTAACTGGA-1,8
GCGAAGAATCTGACGG-1,1
GCGAAGCCATACCCGT-1,9
GCGACATGTAAACATC-1,6
GCGACGATAGTTGTAC-1,1
GCGAGAGGCCATGTAA-1,3
GCGAGAGTTGCGTCCA-1,3
GCGAGCGCATGCTCCC-1,5
GCGAGGCCCGAGCAGA-1,1
GCGAGTTCTGCAAAGA-1,10
GCGATTGTTAACGTTA-1,6
GCGCAAGAGCGCGCTG-1,5
GCGCATCCAGTCAGCA-1,3
GCGCCGTTCCACGATA-1,7
GCGCCTCCCACTCCGA-1,6
GCGCGTCATTGGTACA-1,4
GCGCTAATTGAATAGA-1,8
GCGCTATGCCGAGGCA-1,1
GCGCTGATCCAGACTC-1,6
GCGCTGCTTTGCATTT-1,3
GCGCTTAAATAATTGG-1,4
GCGGACCGCGTTGTGG-1,1
GCGGAGAGGGAGAACG-1,4
GCGGCTCTGACGTACC-1,1
GCGGGAACCAGGCCCT-1,2
GCGGGCATTACGATGC-1,6
GCGGGCGAGCCTTACC-1,1
GCGGTCCCGGTGAAGG-1,6
GCGGTGAACTGCGCTC-1,3
GCGGTTCCCTATCATG-1,1
GCGTAAATGGCCATAA-1,3
GCGTCGAAATGTCGGT-1,4
GCGTCGCCAGGGTGAT-1,1
GCGTCTCTGCATTGGG-1,1
GCGTGGTACTGGGTTA-1,3
GCGTTCGGAGACCGGG-1,3
GCTAAACCTGAGGTGA-1,2
GCTAACTGAAGTCTGA-1,4
GCTAAGTAGTTTCTCT-1,3
GCTAATACCGAATGCC-1,8
GCTACAATCGAGGATA-1,2
GCTACGACTTATTGGG-1,7
GCTACTATAGTAGAGT-1,7
GCTAGACCGTCTACTG-1,5
GCTAGAGTAGAGATGT-1,7
GCTAGCACCTGGGCCA-1,4
GCTAGCAGGGAGTGGG-1,6
GCTAGCTTGAATAGCT-1,1
GCTAGGCACCACGGAG-1,4
GCTAGTAGAGCTTGTA-1,10
GCTAGTTTCATTGAGG-1,2
GCTATACGTCTCGGAC-1,7
GCTATCATACTCATGG-1,7
GCTATCGCGGCGCAAC-1,2
GCTCAATGTAATACCG-1,1
GCTCCCAGTCGGTCCA-1,5
GCTCCGCTCGCTTCAG-1,4
GCTCGCTCATGTCCAA-1,8
GCTCGGAATTTAAAGC-1,6
GCTCTAAACCCTGACG-1,2
GCTCTATGTTACGTGC-1,1
GCTCTCGGGTACCGAA-1,2
GCTGAACTCTCCAGGG-1,4
GCTGAGGCGTGAGTAT-1,8
GCTGCACGGTTTCTTA-1,7
GCTGCTAAGTAGTCGA-1,1
GCTGCTACTGCGTAGC-1,7
GCTGCTCTCCGGACAC-1,9
GCTGGCATATTCACCT-1,1
GCTGGCGGCGCATGCT-1,1
GCTGTATTACTGGCCC-1,1
GCTGTTGCTACCGAAC-1,3
GCTTAATGTAACTAAC-1,5
GCTTACGTAGTTAGTA-1,5
GCTTATGAAGCAGGAA-1,3
GCTTCCGTCCCTAGAC-1,3
GCTTGATGATAATCAG-1,2
GCTTGCAGCACAATTG-1,6
GCTTGGATCGATTAGG-1,3
GCTTTCAGAGGAGGTG-1,3
GGAAACCTTGTTGAAT-1,3
GGAAACTAAATGGGCC-1,2
GGAAAGTGCCCATGCC-1,5
GGAACCGTGTAAATTG-1,1
GGAACTTTGGCGATTA-1,2
GGAATGCGCTAGCGTG-1,3
GGACACAAGTTTACAC-1,6
GGACCAACAGGATAAC-1,1
GGACCTACGGTAACGT-1,3
GGACTCACAAATTAGG-1,6
GGACTCTTCCGGTTGA-1,2
GGAGAAGTCATTGGCA-1,1
GGAGACCAATGTGCTT-1,6
GGAGACGACACCTTTG-1,7
GGAGCAACATTTCAAG-1,7
GGAGCACCAAGAACTA-1,3
GGAGCGAGGCCTACTT-1,2
GGAGGCCGAAGTCGTC-1,5
GGAGGGCTTGGTTGGC-1,3
GGAGGGTCAAGTAAGA-1,2
GGAGTGCCGCCCTGGA-1,4
GGATCATCCCGTACGC-1,3
GGATCCGGAATATACT-1,3
GGATGAAGATCGCTGA-1,4
GGATGACGCGAGTTTA-1,1
GGATGGCTTGAAGTAT-1,4
GGATGTCCTTACCGCA-1,3
GGATTCAGTACGGTGG-1,1
GGATTCCGCTATACCC-1,6
GGATTGCTGTGACTCC-1,2
GGATTTCACTTCTATA-1,3
GGCAAATTACTTTACT-1,1
GGCAAGGCGAAATAGC-1,7
GGCAATAGTCAATGAG-1,8
GGCACTCAGCCGACCC-1,2
GGCACTCCACTGGGCA-1,1
GGCAGCAAACCTATGC-1,7
GGCAGCGGTAATCCTA-1,6
GGCATACAGGTAGCGG-1,1
GGCATATCGGTTCTGC-1,6
GGCCCGGAGCATGTCT-1,5
GGCCCGTATACCATGC-1,6
GGCCGGCGTCTGCTAT-1,1
GGCCGTTTGGGTTTCA-1,2
GGCCTGCTTCTCCCGA-1,2
GGCGCAGGACATCTTC-1,2
GGCGCATGAATTGATG-1,1
GGCGCGGAGATCTTTC-1,4
GGCGCGTTCGAGTTTA-1,2
GGCGCTTCATTCCCTG-1,2
GGCGGAGTAATATTAG-1,1
GGCGGTAGGATCATTG-1,8
GGCGTAGGGAAAGCTG-1,2
GGCGTCCTATCCGCTG-1,1
GGCTAAAGGGCGGGTC-1,3
GGCTATTAAGTTGTAT-1,1
GGCTCGCGTTGAGGTA-1,3
GGCTCGTGCCACCAGC-1,5
GGCTCTGCTCCAACGC-1,9
GGCTGAAATAGCAAAG-1,7
GGCTTTCAATAAGGGT-1,1
GGGAACGGGAGGTTAG-1,1
GGGAAGACGGTCTGTC-1,2
GGGAAGGGCTTTCTCA-1,2
GGGAATGAGCCCTCAC-1,3
GGGACCCGTATATCTT-1,2
GGGACTGCATAGATAG-1,4
GGGAGAACTCACAGTA-1,8
GGGAGCGACCGTAGTG-1,1
GGGAGGATGCCCGAAA-1,1
GGGAGTTAATGAGGCG-1,3
GGGATCCCAATACAAA-1,6
GGGATGGTCGTAACCG-1,1
GGGATTTACCGCACCT-1,5
GGGCAGAGCAATCGTT-1,2
GGGCAGTCAACGCCAA-1,4
GGGCCCGTCTTAAACA-1,1
GGGCCGGCCGAAGTAC-1,3
GGGCGATATGTGTGAA-1,2
GGGCGCAGCGTTACTC-1,4
GGGCGGCAAATGAATT-1,1
GGGCGGGTTCCCTACG-1,1
GGGCGTACATTTATAT-1,2
GGGCGTCACCACGTAA-1,1
GGGCGTCCACTGGCTC-1,6
GGGCGTGGTTTCCCAG-1,2
GGGCTATGATCGATGG-1,1
GGGCTCATCGAACCCA-1,3
GGGCTGCCTAGGGCGA-1,8
GGGCTGGTTAGTCGCG-1,8
GGGTACTTCATGAACT-1,1
GGGTATGTATGCACTT-1,1
GGGTCACCGTGACGGT-1,1
GGGTCGTGGCAAGTGT-1,3
GGGTCTATCGCTTTCC-1,2
GGGTGACACCTTAACT-1,1
GGGTGCATATGAAAGC-1,5
GGGTGTTTCAGCTATG-1,4
GGGTTAACATTTGAGT-1,1
GGGTTTAGGATAGGAT-1,4
GGTAAACTCTGCGCTG-1,2
GGTACAAACATGCTAT-1,1
GGTACACCAGATTTAT-1,4
GGTACCATTAAGACGG-1,3
GGTACGTTGCGGCCGG-1,2
GGTAGAAGACCGCCTG-1,8
GGTAGACCGTTGGGCG-1,2
GGTAGTGCTCGCACCA-1,5
GGTATAGTGACACATA-1,5
GGTATTGCCGAGTTTA-1,8
GGTCAAGACTACTTCG-1,7
GGTCAGTGGGTCCCAC-1,1
GGTCGGATAAACGGCG-1,3
GGTCGGCCAGGAGCTT-1,3
GGTCGGTCGTCCACAG-1,1
GGTCTCCGTCCAGGTT-1,4
GGTCTGAGAATCTGGA-1,5
GGTCTTGAGCGCTCTT-1,1
GGTGAAGTACAGGGAT-1,1
GGTGATAAGGAGCAGT-1,6
GGTGCGGATAAGTGGC-1,2
GGTGCTGGTACACATT-1,1
GGTGGACTGCTCTGGC-1,4
GGTTACCCGACACTTT-1,6
GGTTAGCTATATGTCT-1,5
GGTTAGGCTTGGAGAA-1,1
GGTTAGTTACGGCGCC-1,2
GGTTCTACTCGTCTGA-1,5
GGTTTAATTGAGCAGG-1,3
GGTTTACAATCTCAAT-1,2
GGTTTAGCCTTTCTTG-1,5
GGTTTCAATCGGTCAG-1,3
GGTTTGTGACCTGAGG-1,2
GTAACATCTAAGATAA-1,2
GTAAGCGGGCAGTCAG-1,4
GTAAGTAACAGTCTGG-1,6
GTAAGTAGGGTATACC-1,1
GTAAGTCCACACTCTA-1,4
GTAATAAAGGGCTCCC-1,3
GTAATCTGATTCTTCG-1,1
GTACACTTACCTGAAG-1,10
GTACAGAGGCAAGGGT-1,5
GTACGAGATTGCGACA-1,9
GTACGCTTCATTGCAC-1,7
GTACGTTTGCCCGTCA-1,7
GTACTAAGATTTGGAG-1,2
GTACTCCCTTATCGCT-1,1
GTACTCCTGGGTATGC-1,3
GTACTGGAGTTAGACC-1,5
GTACTTGGGCACTTCT-1,5
GTAGACACGCCTGACT-1,1
GTAGCCAAACATGGGA-1,7
GTAGCGGCTATACACT-1,10
GTAGCTTCCTCTTGTT-1,3
GTAGGTGATCCGTGTA-1,6
GTAGTCGCGGGAATCA-1,4
GTAGTCTACGATATTG-1,2
GTATAGGACTCAGTAG-1,9
GTATCAAACGTTAGCT-1,7
GTATCAGCTTGGGTTC-1,2
GTATCCTTTGGTAACC-1,2
GTATCTTTCATAACCA-1,7
GTATGTGGGTCTAGTT-1,3
GTATTAAGGCGTCTAA-1,1
GTATTCTGAGAAACGA-1,1
GTATTTAATGGCATAA-1,6
GTCAACCAGGCCTATA-1,2
GTCAAGCGGACTCGGG-1,8
GTCAATGCTATAATTT-1,6
GTCACTCTCCAAATCT-1,1
GTCAGAATAGTCTATG-1,1
GTCATGCACCTCCGTT-1,2
GTCATGCGCGAGGGCT-1,2
GTCATGGACATGACTA-1,4
GTCATTAGAGCGAACG-1,8
GTCCATTACTGCTACG-1,5
GTCCCAACGTAAAGTA-1,3
GTCCCGCGACGTTATG-1,1
GTCCGGACCTGAAATT-1,4
GTCCGGCTGAATTGCG-1,8
GTCCTACGAATAGTCT-1,7
GTCGATAGGTGACTTT-1,6
GTCGCCGTTGTGTGTT-1,1
GTCGCGTAACCCGTTG-1,8
GTCGGATATCTCAGAC-1,1
GTCGGATGTAGCGCGC-1,6
GTCGGGAAGCAGAAAC-1,5
GTCGTACCATCTCGGG-1,8
GTCGTATTGGCGTACA-1,3
GTCGTCTGGTTGGCTA-1,6
GTCGTGTCTGGTCATC-1,4
GTCGTTATTCGCTTAT-1,7
GTCTAGTGAGCCGCTT-1,2
GTCTATCTGAGTTTCT-1,1
GTCTATTGCATGCTCG-1,4
GTCTATTGGTTCCGGT-1,6
GTCTCAAGGCCCGGCT-1,2
GTCTCGACTAAGTTTG-1,3
GTCTCGATCTGCTTTC-1,6
GTCTGGGCGGTCGAGA-1,1
GTCTTGAGGAGCAGTG-1,5
GTCTTGTAGCTATTCA-1,4
GTGAAACGGCGCCACC-1,3
GTGAACTCCCATTCGA-1,3
GTGAAGATTTCAAGTG-1,3
GTGAAGCCGTATAGTC-1,3
GTGACAGCTTCCCACT-1,1
GTGACCGCACACTACG-1,3
GTGACGAGGGTGACCC-1,6
GTGACGCAGGTTTCAT-1,2
GTGACTTCAGTAGTGC-1,1
GTGAGCGTGCTGCACT-1,2
GTGAGGACACTTAAGG-1,8
GTGAGTGGTACAACGC-1,1
GTGATCACTAACGCCT-1,5
GTGATCATAGATCTGC-1,1
GTGATCCTTGTCATGA-1,2
GTGATTCGCCGCTCAA-1,1
GTGCAACAAATGTGGC-1,2
GTGCACGAAAGTGACT-1,9
GTGCCATCACACGGTG-1,1
GTGCCCGTTCGGATTC-1,5
GTGCCGCTTCAAAGGT-1,1
GTGCCTGAGACCAAAC-1,4
GTGCGAAATCGAACAC-1,1
GTGCGACAGGGAGTGT-1,3
GTGCGGGTCTCCAAAT-1,5
GTGCGTGTATATGAGC-1,6
GTGCTCAAGTACTGTC-1,8
GTGCTTACATCAGCGC-1,6
GTGGAACCTACATGCG-1,6
GTGGACGCATTTGTCC-1,2
GTGGAGTCGGCGGTTG-1,2
GTGGGCTTAGACACAC-1,1
GTGGTATAGTCTGCCG-1,2
GTGGTGGCCAAGTGAA-1,4
GTGGTTACTTCTTTCG-1,3
GTGGTTTCCGCCTTTC-1,1
GTGTACCTTGGCTACG-1,5
GTGTATATCAGCGGGC-1,1
GTGTCGTATAGCGTTC-1,7
GTGTGAATAACTTAGG-1,5
GTGTTACTATGCGTCC-1,8
GTTAAAGTAGGACTGG-1,4
GTTAACATCACTTAAA-1,1
GTTAACTATGTTGTCA-1,5
GTTAAGGGTGCGATGT-1,2
GTTAAGTTAGAGTGGG-1,5
GTTACAATTGGTGACG-1,1
GTTACCTACAACTTGC-1,7
GTTACTTTGGGCCTAG-1,1
GTTAGCCCATGACATC-1,2
GTTAGCCGTAAATCAA-1,3
GTTATAATACGGTGAA-1,7
GTTATATCAGGAGCCA-1,3
GTTATATTATCTCCCT-1,1
GTTCACAGGAGTCTAG-1,1
GTTCATCGTTTGGCTG-1,3
GTTCCAGTCTGACCAT-1,8
GTTCCCGTAAACATAT-1,5
GTTCGCCATAAGTGCC-1,8
GTTCGCTGAGACGTCT-1,4
GTTCGGAGCACTCAAC-1,1
GTTCGGATCGGGAACA-1,4
GTTCGGGCGTACCATT-1,3
GTTCGTCTAAAGAACT-1,4
GTTCGTCTGGGTCCCT-1,6
GTTCTTCCCTCGATGT-1,2
GTTGAACCGGTTCCAT-1,1
GTTGAGTCCCGCCGGT-1,7
GTTGCACGGAGTTTCG-1,8
GTTGCGCTAACATTAC-1,8
GTTGCGGACGGTCAGG-1,6
GTTGGACCGCATCAGG-1,6
GTTGGATTCAGTGGCT-1,6
GTTGGATTGAGAACAC-1,3
GTTGGATTTGCGTTGG-1,1
GTTGGTCATGCTATCC-1,1
GTTGTCGTGTTAGTTG-1,2
GTTGTTGCAAGATGGC-1,1
GTTTACGTTCCATCTG-1,8
GTTTCAAACGAGTTGT-1,2
GTTTCATATCGTCGCT-1,2
GTTTCCTGGAGGGTGA-1,8
GTTTCTAGAGGCGCGG-1,4
GTTTCTGCAGTCTCCC-1,10
GTTTGACCAAATCCTA-1,9
GTTTGGCCCAAGTTAT-1,4
GTTTGGGCTTGTGAGC-1,1
GTTTGGGTTTCGCCCG-1,2
GTTTGGTAGGGTCAAC-1,2
TAAAGACAACCCTTTA-1,8
TAAAGCGTTAGGAGAA-1,5
TAAAGCTGCAATAGGG-1,3
TAAATCTTTACACCTC-1,6
TAACAAAGGGAGAAGC-1,2
TAACATACAATGTGGG-1,8
TAACCTACCGTCCGAG-1,3
TAACCTAGGGAGTCCA-1,2
TAACGCTTTGAGAGCG-1,1
TAACTATCGAAGGTCC-1,1
TAACTATTACGCCAAA-1,3
TAACTCATCCGCGCGG-1,1
TAACTCCATGGAGGCT-1,1
TAAGGCAACATAAGAT-1,9
TAAGGCATAACATCAA-1,1
TAAGGCCCGTCACCCT-1,2
TAAGGCTGAATCCCTC-1,8
TAAGGGCCTGTCCGAT-1,7
TAAGTAACATCTTGAC-1,1
TAAGTTGCGACGTAGG-1,7
TAATAAACAAGGAGAT-1,6
TAATACACAGTAGTAT-1,5
TAATACTAGAACAGAC-1,4
TAATAGAACAGAGTTA-1,1
TAATAGTGACGACCAG-1,3
TAATATTGAAATTCGC-1,2
TAATCGATCCGTACGT-1,5
TAATTACGTCAGTAGA-1,2
TAATTAGGACATCCGT-1,6
TAATTCCAATGCTTCA-1,2
TAATTGGAATCGGGAA-1,3
TACAACGCACAACTCA-1,1
TACAAGGGCTTCTTTA-1,2
TACAAGTCTCGTGCAT-1,1
TACACCGTCGTTAGTC-1,5
TACAGAAACGGTGGGC-1,2
TACATAGGCATACACC-1,7
TACATGCCGGAATTGT-1,2
TACATTTCTAACGTGC-1,8
TACCAAATAGCCCAGA-1,1
TACCAATAAAGTACCA-1,7
TACCAGAAGTAGGTTC-1,1
TACCGAATAATTGTAA-1,1
TACCGCGGACTTGCAG-1,3
TACCGGCTCACTGCCC-1,7
TACCGTAGGTTAACTA-1,1
TACCGTGCCTCGGACC-1,5
TACCTACTCCCAGTAT-1,2
TACCTCAGTTGTCTGT-1,1
TACCTCTTTACCATCC-1,5
TACCTGCTGCACTGTG-1,2
TACGAACACGACTTCA-1,8
TACGACGCTTGCTGCG-1,1
TACGACTGCCTCTTAG-1,7
TACGAGAACTTCACGT-1,1
TACGATGTTGATCATC-1,1
TACGCAGTTCTTTCCT-1,1
TACGCCATATTCTAAT-1,8
TACGCCTCCATTCCGA-1,1
TACGCTATAGAAACCT-1,3
TACGCTCGGTATTGGA-1,2
TACGGCATGGACGCTA-1,2
TACGGGATGCTAGCAG-1,5
TACGTAAAGCGGAGTG-1,4
TACGTGCACTATGCTG-1,1
TACGTGGGCCCAGGGC-1,4
TACGTTTACCGGCAAT-1,1
TACTATGGTTCCTCAG-1,2
TACTCTCCGAACAAAT-1,5
TACTCTTACTTTACTG-1,5
TACTCTTTCGTCTTCA-1,1
TACTGAACAGATTTAG-1,1
TACTGCAATCAATTAC-1,3
TACTGGACAGCTCGGC-1,1
TACTGTTTCTCTGGTA-1,5
TACTTAAACATGTACA-1,1
TACTTGTTAGTAGTCC-1,3
TACTTTACTGAGCCGG-1,3
TAGAAAGGTGGCGCTA-1,3
TAGAATAGCCGATGAA-1,2
TAGACGAAACGCCAAT-1,1
TAGACGCCCGTACCGG-1,3
TAGACTACCTAGCGTT-1,5
TAGAGGTTCTACTTGT-1,7
TAGAGTCTAAGCGAAC-1,4
TAGATATGGACTGGAA-1,1
TAGATGGTTCCTTACT-1,2
TAGCAACCTGTCACAA-1,1
TAGCAGTATGACTAAA-1,1
TAGCCATTTCAAAGTC-1,8
TAGCCGGCGGTCAGCG-1,3
TAGCGTCCCTCGATTG-1,5
TAGCGTCCGGTGTGGT-1,7
TAGCGTTGGGTCTTAC-1,10
TAGCTAAGTCCGGGAG-1,9
TAGCTAGAAGGCATGA-1,1
TAGCTAGTGATGATGG-1,2
TAGCTCGCCTGATAAC-1,1
TAGGCATGTTACGCCA-1,3
TAGGCCTATATAGTCT-1,1
TAGGCTAAAGTGGCAC-1,2
TAGGGAGCTTGGGATG-1,3
TAGGGTGTTTCAAGAG-1,5
TAGGTCCAAGTAAGGA-1,2
TAGGTCGCCGGAACTG-1,3
TAGGTGACGATAACCT-1,1
TAGGTGAGCCCTACTC-1,1
TAGGTGCTCGCCTAGC-1,6
TAGGTGTTCCACAGAT-1,1
TAGGTTCGAGTTCGTC-1,8
TAGTCCGCAGAGAATG-1,1
TAGTCGATCACGGGTT-1,4
TAGTCTAACAACGAGA-1,1
TAGTCTGTGACGTTGC-1,3
TAGTCTTTCCGAATTG-1,6
TAGTGCCCTCCAGAGT-1,8
TATAAATCCACAAGCT-1,1
TATAAGTGAGGATAGC-1,1
TATACACAGACGCCTT-1,1
TATACACGCAAAGTAT-1,4
TATACCGAGTGCCACA-1,6
TATACGCGTCATCACT-1,2
TATAGATGGTCGCAGT-1,5
TATATCCCTGGGAGGA-1,3
TATATTACAAATGTCG-1,3
TATCACCCAACCGACC-1,3
TATCACTTCGAGTAAC-1,3
TATCCAATTGGTTATC-1,7
TATCCATATCATGCGA-1,8
TATCCGCACCGTCGGG-1,2
TATCGATCTATGCATA-1,6
TATCGATGATTAAACG-1,8
TATCTACAGAGGTAAT-1,1
TATCTACCACAGCGGG-1,7
TATGAAGAATTAAGGT-1,4
TATGATCCGGCACGCC-1,3
TATGATCTTCTCTTTA-1,4
TATGCTCCCTACTTAC-1,4
TATGGATGTGCTACGC-1,4
TATGGCCCGGCCTCGC-1,1
TATGGGACCGAGCAGG-1,10
TATGGGTACGTATCGT-1,8
TATGGTCTGAGTAACA-1,10
TATGGTTAGTGGGAGA-1,8
TATGTCAAGACCGACT-1,3
TATGTCTCATTGTGCC-1,5
TATTAACCTGACCGCG-1,1
TATTACCATCCTGCTT-1,3
TATTCAATTCTAATCC-1,3
TATTCCACTCAGCTCG-1,1
TATTCCGAGCTGTTAT-1,4
TATTCGTGCCAGAATA-1,8
TATTGACATTTCTGCC-1,5
TATTGCCGGGCTTGTA-1,4
TATTTAGTCTAGATCG-1,8
TATTTATACCGAGTAG-1,6
TATTTGATTTGCACAG-1,2
TATTTGTTACCCTTTA-1,1
TCAAACAACCGCGTCG-1,4
TCAAACTTAGATTGTT-1,4
TCAAATTGTTGTGCCG-1,1
TCAAATTTGAGACTCA-1,2
TCAACATAGCGCCCTA-1,1
TCAACCATGTTCGGGC-1,8
TCAACGAGGAGACAAA-1,1
TCAACTGCAGAGTCAG-1,2
TCAAGAAATACTAGCT-1,3
TCAAGCGCGGACGGTA-1,2
TCAAGGTTACTACACC-1,6
TCAATACGCCGTCATG-1,1
TCACAAACCGAGGTAC-1,2
TCACAGCAAACTCGAA-1,1
TCACAGGAGAATAAGA-1,1
TCACAGGGAATCGCAA-1,4
TCACAGGTTATTGGGC-1,2
TCACCCTCTTAAGATT-1,2
TCACCGCTCGGCACTC-1,3
TCACGCATTGTAGATC-1,1
TCACGGTCATCGCACA-1,1
TCACGTGCCCGATTCA-1,10
TCACTCGTGCAACGGC-1,6
TCAGAACCTCCACAGG-1,3
TCAGACGCTATAGAAG-1,7
TCAGCAAATGCATCTC-1,3
TCAGCCAATCCGTAAA-1,4
TCAGGGTGTAACGTAA-1,3
TCAGGTTCTTTGAGAA-1,1
TCAGTACTGACCCGCG-1,1
TCAGTAGGGACTATAA-1,1
TCATAAGTCCAAGAAG-1,1
TCATACTTACAGATCC-1,1
TCATATGAGCTTTGTT-1,1
TCATCCTCAGCTGCTT-1,2
TCATGCAGGTTCTCAT-1,6
TCATTTAAGTCTCCGA-1,3
TCATTTAGAAGTGTGA-1,4
TCCAACTCAGCTATCT-1,2
TCCAACTTTAAATTCT-1,1
TCCAAGCCTAGACACA-1,2
TCCAATAAAGGCTACC-1,2
TCCACAATGGTTTACG-1,1
TCCACCTCTAGCCTTT-1,1
TCCACTTTATCTAGGT-1,3
TCCAGAGCACCGGTTC-1,10
TCCAGATGTACGCCAA-1,3
TCCAGCGCTATAAGCG-1,6
TCCAGGCGAGTACGGT-1,5
TCCAGGGTATATACGA-1,1
TCCCAAACAGACAACG-1,3
TCCCAAAGACGAAGGA-1,5
TCCCAAAGCCCTAAAT-1,5
TCCCACTCTCTTCCGG-1,3
TCCCAGCTTTAGTCTG-1,10
TCCCAGGCTTAGCTAA-1,2
TCCCGCCTATGTGCGT-1,6
TCCCGCGTACTCCTGG-1,9
TCCCGGGTGTGCTGCT-1,1
TCCCGTCAGTCCCGCA-1,4
TCCCGTCGCGTCATAG-1,6
TCCCGTGTGCAATTTG-1,8
TCCCTAGATCAATAGG-1,6
TCCCTCTTCTCAAGGG-1,1
TCCCTGGCTCGCTGGA-1,1
TCCCTTAGATTACTCG-1,6
TCCGAACGTTGCCGCT-1,6
TCCGAATGGTCCTGAG-1,5
TCCGATAATTGCCATA-1,4
TCCGATGACTGAGCTC-1,4
TCCGATGGTGCGACAT-1,4
TCCGATTACATTGCCG-1,1
TCCGCCTGTCTACAAG-1,1
TCCGCGGCAGCATCTG-1,3
TCCGCGGCCCAATGAA-1,7
TCCGCTGTCATCCCGG-1,7
TCCGCTTATCCCATTA-1,2
TCCGGCCTAGCGTACA-1,3
TCCGGGCTTGACGGGA-1,2
TCCGGTTCGTCCGGTC-1,1
TCCGTTAAGCTAATAT-1,7
TCCGTTTAGCCTTGAA-1,3
TCCTAAAGATTCAGAC-1,1
TCCTAAATTGGGAAGC-1,1
TCCTACATCCACGGCC-1,5
TCCTAGCAAAGAAGCT-1,1
TCCTATCATAGGTAAC-1,6
TCCTCGGGCTGGGCTT-1,8
TCCTCTACGAGATGGC-1,1
TCCTGCGTTGATACTC-1,1
TCCTTACGACGGTCCG-1,6
TCCTTCAGTGGTCGAA-1,4
TCCTTTAAATCCGCTT-1,7
TCCTTTCTTACGCTTA-1,9
TCGAAATTTAGGACCA-1,1
TCGAAGAACCGAGCAC-1,6
TCGAGACCAACACCGT-1,8
TCGAGGGCAACAGACG-1,2
TCGCAAAGATGCATTT-1,7
TCGCACCAGGAGGCAG-1,7
TCGCATAAAGGGCGCA-1,2
TCGCCGAAGTTGCGTC-1,1
TCGCCGACATATTCGC-1,2
TCGCCGGTCGATCCGT-1,9
TCGCGTAGCAGTGTCC-1,4
TCGCGTCCAGAAGGTC-1,1
TCGCTAAACCGCTATC-1,6
TCGCTACTGGCTTTGA-1,1
TCGCTCGATATATTCC-1,2
TCGCTCGGCACCAGCG-1,3
TCGCTGCCAATGCTGT-1,2
TCGCTGGGCGGATTGT-1,3
TCGCTGTGCGTAAATC-1,2
TCGCTTTAAACGTTTG-1,3
TCGGAATGCGCTCTGA-1,1
TCGGACGCCCAGCCCA-1,3
TCGGAGTACATGAGTA-1,3
TCGGCGAACCCAAACC-1,6
TCGGCTTGTATCGACG-1,7
TCGGGAACGTGCCTAG-1,3
TCGGGAGACAGCGTAC-1,2
TCGGGCCGTCGTGGTA-1,5
TCGGTGACCGCTCCGG-1,6
TCGTAAGACGACATTG-1,3
TCGTAAGCTCCGAGGA-1,3
TCGTCCGCTGGCGTCT-1,2
TCGTCTTAGGCGTTAA-1,7
TCGTGTACTATGGATG-1,4
TCGTGTATTGGTCACG-1,4
TCGTGTTCGACCACAA-1,7
TCGTTAGGAGTCCCTA-1,1
TCGTTGCTATCCGGTC-1,2
TCTACCCAATAGAGAG-1,7
TCTACCGTCCACAAGC-1,9
TCTAGCATCTTCGATG-1,2
TCTAGCATGCCCAGAA-1,7
TCTAGGTGGCGACGCT-1,3
TCTAGTGATATCGTGG-1,8
TCTAGTTATCAGAAGA-1,8
TCTATAGGTGGGTAAT-1,2
TCTATCATGCAGTTAC-1,2
TCTATCGGTCGCAACA-1,4
TCTATGCTATAACGAC-1,2
TCTATTACGCTGGCGA-1,2
TCTCATGAGATAGGGT-1,7
TCTCCAACGTAGGTTA-1,4
TCTCCACAAGTTGAAT-1,2
TCTCCCTGGGCAGCGT-1,7
TCTCGACGTATCGCCG-1,6
TCTCGAGGAGGTTCGC-1,7
TCTCTAATAGCTGGTA-1,8
TCTCTCGCCGCACATA-1,2
TCTGAACCGGTCGGCT-1,2
TCTGAACTCGTACCCG-1,4
TCTGAAGCACGTGGTC-1,4
TCTGAATTCCGTACAA-1,3
TCTGACGGGCTAACCC-1,5
TCTGAGCAATTGACTG-1,4
TCTGATCGGGTGCTAG-1,5
TCTGATGTATTCTGTC-1,7
TCTGATTGGAAATGGA-1,5
TCTGCATACCTTGCTT-1,2
TCTGCCAGAAACTGCA-1,8
TCTGGGAACCTTTGAA-1,5
TCTGGGTAGCGCTCAT-1,1
TCTGTGCCATCATAGT-1,4
TCTGTTACCCAGCATA-1,2
TCTTACAGAGGTACCG-1,2
TCTTACCGGAACTCGT-1,3
TCTTACGGCATCCGAC-1,1
TCTTACTTATGCCTCT-1,6
TCTTAGAGCTCCAATT-1,4
TCTTAGAGTGAACTCT-1,8
TCTTCCCATGGGCACA-1,3
TCTTCGAATAGACGTT-1,8
TCTTCGATACCAATAA-1,8
TCTTCGCGGTGAGAGG-1,5
TCTTCTATAACCCGCC-1,5
TCTTGATGCGTAGCGA-1,8
TCTTGCTCCCGATACT-1,1
TCTTGGTAACACCAAA-1,4
TCTTTAAGACTATGAA-1,3
TCTTTAGAGTCTAACA-1,6
TCTTTAGCAGGCGAAC-1,6
TCTTTCCTTCGAGATA-1,2
TGAAAGGACCTGACTC-1,3
TGAATACCGACGCGTA-1,1
TGAATATGCTATAAAC-1,6
TGAATGTCAGCCGGCC-1,5
TGACACTTCTCTTTGC-1,3
TGACATCGAGCGGACC-1,3
TGACCAAATCTTAAAC-1,2
TGACCCACGTTAGACA-1,1
TGACGATGCACTAGAA-1,3
TGACTATAATCCTTTC-1,7
TGAGAATGCTTTACCG-1,8
TGAGAGATTTACCACG-1,5
TGAGATTAGGCCCTAA-1,6
TGAGCCATACAGTCTC-1,1
TGAGCGGAAAGTGTTC-1,1
TGAGCTTTAATGACGC-1,6
TGAGGAGTGCCAGCTT-1,1
TGAGTAAATTAGCGTA-1,1
TGAGTGCCTCTTAAAT-1,1
TGAGTGGTCCGTGACG-1,3
TGAGTTAAAGACATTC-1,6
TGATACATTTAGCCGT-1,1
TGATCCCAGCATTAGT-1,3
TGATCGGTTTGACCCT-1,4
TGATCTACGCTGATCT-1,3
TGATCTCCGGCGCCAG-1,8
TGATGGCTGTTTCTGA-1,5
TGATGTCAATTAAGTG-1,2
TGATTCGTCTATCACT-1,2
TGATTCTGTCGCCGGT-1,1
TGATTTATTAGCTGTG-1,1
TGATTTCCTCCTGACG-1,2
TGCAACCCATCTGCGG-1,2
TGCAACTACTGGTTGA-1,4
TGCAAGAATGACGTAA-1,9
TGCAATCTAACACGGT-1,2
TGCAGAGTACCGAGCA-1,1
TGCAGGATCGGCAAAG-1,4
TGCAGTTTCCTCCCAT-1,6
TGCATATGTCTGTCAC-1,3
TGCATGGATCGGATCT-1,4
TGCATGTGGTAATCTA-1,4
TGCCAATGGGTACTCT-1,1
TGCCACCTGGCGAAAC-1,4
TGCCAGTACGTGGAGA-1,7
TGCCATTACTAAAGAA-1,5
TGCCCGTACCGTTAAA-1,8
TGCCGAAAGCGTATTC-1,5
TGCCGTGGATCGTCCT-1,2
TGCCTAATTGAAGATT-1,7
TGCCTGATCAAACGAT-1,9
TGCCTTGGCCAGGCAA-1,7
TGCGACACCCTAGTGC-1,1
TGCGAGAATATTACCC-1,1
TGCGCAAAGCATTTGG-1,4
TGCGCGATTAACGGAG-1,1
TGCGGACTTGACTCCG-1,2
TGCGGAGTAAAGGTGC-1,9
TGCGTAAGAACCTGAT-1,1
TGCGTACGGCTAATTG-1,4
TGCGTTTGTTGACACT-1,8
TGCTAAGTGTCTATTT-1,4
TGCTCCACAGTTCTTA-1,4
TGCTCGGCGAAACCCA-1,2
TGCTCGGTGGGTCACC-1,1
TGCTCTTGAGAGTTTG-1,1
TGCTGGTTGGACAATT-1,2
TGCTGTTGAAGAACTC-1,10
TGCTTCCCAAGCAGTA-1,1
TGGAACCACTGACACA-1,3
TGGAAGAAGGGAACGT-1,1
TGGAAGGATAAAGATG-1,4
TGGAATATCCTTGACC-1,3
TGGACCAATCTAAGAT-1,2
TGGACTGTTCGCTCAA-1,8
TGGAGGGAAACACCTC-1,6
TGGAGTGATGCGATGA-1,1
TGGCAAACTAAATTAC-1,7
TGGCAACTCGCGCGCC-1,3
TGGCAATGGGACGGCG-1,5
TGGCAGATTACGATCA-1,2
TGGCAGCAGTAATAGT-1,8
TGGCCAAACTGAAGTA-1,3
TGGCCGTATATTGACC-1,1
TGGCGACTGCTCCAAA-1,1
TGGCGATCAAGTTATG-1,1
TGGCTACACTCTACCT-1,2
TGGCTATGTGACATAC-1,2
TGGCTTGTACAAGCTT-1,6
TGGCTTTGGGTAGACA-1,8
TGGGAAATGCCTTTCC-1,1
TGGGCAATAGTTGGGT-1,4
TGGGCAGGCCACCGCA-1,2
TGGGCCACAAGAGCGC-1,9
TGGGCCCATACTAATT-1,5
TGGGTGCACAAGCCAT-1,4
TGGGTGTAATAGATTT-1,4
TGGTAGAATATATGGG-1,6
TGGTCCCACGCTACGG-1,7
TGGTCTGTTGGGCGTA-1,1
TGGTTAAGGGCGCTGG-1,5
TGGTTCAACGGGTAAT-1,7
TGGTTCGTAGCAAAGG-1,2
TGGTTTAAACGTGGGT-1,3
TGTACCTACACGAGGG-1,4
TGTACGAACAAATCCG-1,8
TGTACTACTCTCACGG-1,6
TGTAGCCATCCCATTC-1,2
TGTAGGAGAAATTTCC-1,5
TGTAGTGATCTATAAT-1,1
TGTATAACAGATCCTG-1,3
TGTATGGCGCAGACAG-1,4
TGTCATTTGTTGGGAA-1,3
TGTCCACGGCTCAACT-1,2
TGTCCTAAGTCACCGC-1,1
TGTGACTACGCCAGTC-1,9
TGTGAGACTAGCCCAA-1,2
TGTGCCGGTGCCGGAA-1,5
TGTGGCAAAGCGTATG-1,3
TGTGGCGGGCTTCTGG-1,2
TGTGGCTCCCACCAAC-1,5
TGTGTAGTAGCACGTG-1,2
TGTGTCGCGAGTTGCA-1,2
TGTTCCGCTTCCATGA-1,1
TGTTCGTATTGCGGTG-1,1
TGTTCTTCCATTGACT-1,1
TGTTGTCAAGAAGTCT-1,5
TGTTTCGGTACTTCTC-1,8
TGTTTGAGATCGTCAG-1,6
TTAAACTCGAATTCAT-1,3
TTAACACCTCGAACAT-1,2
TTAACCAACCCTCCCT-1,8
TTAACGAACAAGCAGT-1,3
TTAAGATAGGATTGAC-1,5
TTAAGCGCCTGACCCA-1,1
TTAAGTATTGTTATCC-1,2
TTAATCAGTACGTCAG-1,5
TTAATGTAGACCAGGT-1,4
TTAATTGCTTTGGGTG-1,5
TTAATTTCAGACGCGG-1,9
TTACAACTACGCATCC-1,5
TTACACGATCTGCGAC-1,4
TTACAGACCTAAATGA-1,3
TTACATCGTGGCCTGG-1,5
TTACATGCCACAACTA-1,8
TTACCATTGATTACCC-1,1
TTACCCATTGCCGGGT-1,6
TTACCCTAACAGTCCT-1,2
TTACCCTAGGGATTGG-1,2
TTACGGATGGTTCGAG-1,3
TTACGTATCTATGACA-1,1
TTACTAAAGGACTTTA-1,7
TTACTCCGGCCGGGAA-1,3
TTACTCTGGTACGTAC-1,1
TTACTGGGATATTTCA-1,1
TTACTGTCTAGAGCTC-1,6
TTAGAAGAACATGACT-1,2
TTAGACACGATCGTTG-1,6
TTAGACGAGTCACCTC-1,6
TTAGAGTTTAGAAGGA-1,5
TTAGCAACATGGATGT-1,2
TTAGCTAATACGATCT-1,3
TTAGCTGATTTGCCGT-1,3
TTAGTAAACCTGCTCT-1,1
TTAGTAGGGCGGCGGG-1,2
TTAGTTATTCGTGGCA-1,4
TTAGTTCAAGTGTTCG-1,3
TTATAGGTAATTGTCT-1,2
TTATATACGCTGTCAC-1,8
TTATATTTGGCAATCC-1,4
TTATCCAATCGAACTC-1,4
TTATCCGGGATCTATA-1,7
TTATCTGTATCATAAC-1,4
TTATGAATGAAAGGGA-1,7
TTATGACAAACTGGAT-1,1
TTATGATCTTAACGAA-1,6
TTATTAGAGCGTGTTC-1,7
TTATTAGGGAAGCATC-1,8
TTATTATCTGGAAGGC-1,2
TTCAAAGTCTCTAGCC-1,3
TTCAACGACCCGACCG-1,2
TTCAATACTCTGAATC-1,3
TTCACGAAAGGATCAC-1,1
TTCACTCGAGCACCTA-1,2
TTCAGCCCTGGTCCAC-1,4
TTCAGCTGGCGTGCCC-1,7
TTCATGGCGCAACAGG-1,4
TTCCAATCAGAGCTAG-1,5
TTCCAATCTGGCTATC-1,1
TTCCACACAGATTTGA-1,1
TTCCAGACGAGATTTA-1,5
TTCCATCGACAGCGTG-1,2
TTCCGCAGAGAAATAT-1,3
TTCCGCGTGAGGCGAT-1,7
TTCCGGCCTTGAGGCT-1,1
TTCCGGTATCTGTGTC-1,5
TTCCTCGAGGGTGTCT-1,8
TTCCTCGGACTAACCA-1,7
TTCGACAGAGCCCGTG-1,2
TTCGACGGGAAGGGCG-1,2
TTCGCACTCGCGTGCT-1,1
TTCGCACTGTACGACA-1,1
TTCGCGCGCCATACGA-1,1
TTCGCTAGGAAGTTGT-1,5
TTCGCTATCTGACGTG-1,3
TTCGGCAACCCGCTGA-1,6
TTCGGGACTAATCGCG-1,8
TTCGGGTTGCCACGGG-1,2
TTCGGTGGAGACGCCC-1,6
TTCGTACTCCAGAACG-1,1
TTCGTTCAACGAAGTT-1,3
TTCTAACCGAAGCTTA-1,3
TTCTACTTGCGAGGGC-1,2
TTCTAGAAAGTCTTAT-1,2
TTCTAGGCCAATTGTG-1,2
TTCTATGCCTTTCGCA-1,6
TTCTGACCGGGCTCAA-1,7
TTCTGCCGCGCCTAGA-1,7
TTCTGCGGGTTAGCGG-1,4
TTCTGCTAGACTCCAA-1,3
TTCTTAGTGAACGGTG-1,2
TTCTTAGTGGCTCAGA-1,9
TTCTTATCCGCTGGGT-1,5
TTCTTGAGCCGCGCTA-1,1
TTCTTGCTAGCATCTC-1,5
TTCTTGGAGTAATGAG-1,4
TTCTTGTAACCTAATG-1,1
TTCTTTGGTCGCGACG-1,3
TTGAACGACGTGCTGA-1,2
TTGAAGAATTCCCAGG-1,8
TTGAATATGGACTTTC-1,3
TTGAATTCACGTGAGG-1,3
TTGACAGGAGCTCCCG-1,5
TTGACCAGGAACAACT-1,2
TTGACCATGTTCTCCG-1,3
TTGACCGTGTTAATGA-1,1
TTGACGCTCCATGAGC-1,5
TTGACTACCATATGGT-1,1
TTGACTATTGTCCGGC-1,4
TTGAGAAGTTTAGCAT-1,4
TTGAGAGTACTGCTAA-1,1
TTGAGCAGCCCACGGT-1,5
TTGAGCGCCACGTGAT-1,8
TTGAGTCCCGCTGCTG-1,4
TTGATAGTCAATACAT-1,5
TTGATCTAACTTTGTC-1,1
TTGATGTGTAGTCCCG-1,3
TTGATTATGCAGATGA-1,1
TTGCACAATTCAGAAA-1,1
TTGCACGGAGCAGCAC-1,9
TTGCATGCTGATCACG-1,1
TTGCCAAGCAGAACCC-1,5
TTGCCCTGATCACGGG-1,1
TTGCCGCTTTCTAGTA-1,2
TTGCCTTCTCGCCGGG-1,5
TTGCGGCATCAGAAAG-1,1
TTGCGTCGGCCAACCG-1,1
TTGCGTGTGTAGGCAT-1,4
TTGCTCATAGTACGTG-1,4
TTGCTCCCATACCGGA-1,9
TTGCTGAAGGAACCAC-1,8
TTGCTGATCATGTTCG-1,10
TTGGACATGTGGCTTA-1,2
TTGGACCATCTGGCAA-1,7
TTGGACCTATAACAGT-1,7
TTGGATATCGTCTACG-1,1
TTGGATTGGGTACCAC-1,4
TTGGCCTAGAATTTCG-1,6
TTGGCGATCCGAATAT-1,5
TTGGCTCAATATGTGT-1,1
TTGGCTCGCATGAGAC-1,2
TTGGGACACTGCCCGC-1,4
TTGGGACGTAAGAGTT-1,7
TTGGGCGGCGGTTGCC-1,3
TTGGTATGGCTTGTGT-1,6
TTGGTCACACTCGTAA-1,1
TTGTAAGGCCAGTTGG-1,4
TTGTAATCCGTACTCG-1,10
TTGTCGTTCAGTTACC-1,2
TTGTGAACCTAATCCG-1,4
TTGTGCAGCCACGTCA-1,1
TTGTGGCCCTGACAGT-1,9
TTGTGGTGGTACTAAG-1,2
TTGTGTATGCCACCAA-1,2
TTGTGTTTCCCGAAAG-1,1
TTGTTAGCAAATTCGA-1,2
TTGTTCAGTGTGCTAC-1,4
TTGTTGTGTGTCAAGA-1,5
TTGTTTCACATCCAGG-1,2
