Barcode,UMAP-1,UMAP-2
AAACAAGTATCTCCCA-1,-4.6189985,1.7882208
AAACAGAGCGACTCCT-1,-7.1913257,2.0414207
AAACATTTCCCGGATT-1,4.658545,1.7503123
AAACCCGAACGAAATC-1,-4.7042427,0.66103965
AAACCGGGTAGGTACC-1,0.8313476,2.339226
AAACCGTTCGTCCAGG-1,5.430726,8.100011
AAACCTAAGCAGCCGG-1,5.77131,6.439706
AAACGAGACGGTTGAT-1,-4.4066777,-1.6673625
AAACGGGCGTACGGGT-1,5.640306,1.9381278
AAACTCGGTTCGCAAT-1,6.795085,6.079593
AAACTCGTGATATAAG-1,-9.276242,5.539016
AAACTGCTGGCTCCAA-1,-0.7779169,-5.6205764
AAAGCTTGCCTACATA-1,-6.7460313,1.210377
AAAGGCTACGGACCAT-1,7.6317143,6.9030848
AAAGGCTCTCGCGCCG-1,3.53331,6.2989025
AAAGGGATGTAGCAAG-1,-0.102903895,0.902726
AAAGGGCAGCTTGAAT-1,7.863014,6.493894
AAAGTGTGATTTATCT-1,-0.6936749,-0.7225239
AAAGTTGACTCCCGTA-1,-3.1512687,-2.3475242
AAATAAGGTAGTGCCC-1,-6.0813437,0.9897448
AAATACCTATAAGCAT-1,-0.3245088,-5.461408
AAATAGCTTAGACTTT-1,-10.362954,7.129362
AAATAGGGTGCTATTG-1,-0.35637304,-5.47735
AAATCCGATACACGCC-1,6.162033,2.3552535
AAATCGTGTACCACAA-1,5.0089855,3.7814903
AAATCTAGCCCTGCTA-1,0.044947617,-5.180069
AAATGATTCGATCAGC-1,-9.620675,4.2021203
AAATGGTCAATGTGCC-1,-2.3601403,-2.6519356
AAATTAACGGGTAGCT-1,-4.3173695,-6.0557523
AAATTACCTATCGATG-1,-8.016116,5.105136
AAATTCCAGGTCCAAA-1,-3.841775,-1.0955228
AACAACTGGTAGTTGC-1,4.8835473,5.0904946
AACAATTACTCTACGC-1,7.925842,6.314949
AACACACGCTCGCCGC-1,-1.223773,-4.8676357
AACAGGAAATCGAATA-1,1.256207,-0.6379574
AACAGGATGGGCCGCG-1,5.9310827,8.66645
AACAGGTAGTATGGAT-1,-4.2685404,2.257306
AACATATCAACTGGTG-1,-9.761026,5.445469
AACATCGATACGTCTA-1,-7.874019,2.6592042
AACCCGAGCAGAATCG-1,4.786962,1.064671
AACCCTACTGTCAATA-1,-6.6435328,-1.083146
AACCGAGCTTGGTCAT-1,5.5800924,-4.512697
AACCGCTAAGGGATGC-1,-4.609456,-0.57704806
AACCTCGCTTTAGCCC-1,3.049843,1.1802149
AACCTGTCACGGAATT-1,-4.171301,-1.3497509
AACCTTTAAATACGGT-1,5.754587,2.9148192
AACCTTTACGACGTCT-1,-7.248248,2.040139
AACGATAATGCCGTAG-1,-1.201696,-3.782766
AACGATAGAAGGGCCG-1,2.7996752,5.0035076
AACGATATGTCAACTG-1,-0.28386128,0.2948375
AACGCATGATCTGGGT-1,-10.072207,6.3855743
AACGCGGTCTCCAGCC-1,0.32330787,0.45288813
AACGCTGTTGCTGAAA-1,0.48557958,-2.6155474
AACGGACGTACGTATA-1,0.035636894,-3.5338845
AACGGCCATCTCCGGT-1,5.0511,8.8085165
AACGTACTGTGGGTAC-1,4.911199,8.87047
AACGTCAGACTAGTGG-1,5.218943,4.7883587
AACGTGCGAAAGTCTC-1,-4.423502,-1.6998557
AACTACCCGTTTGTCA-1,-4.251915,2.2327566
AACTAGGCTTGGGTGT-1,3.3342667,4.126899
AACTCAAGTTAATTGC-1,3.4756055,3.9714818
AACTCCAGAGCGTGTT-1,4.287091,0.8045793
AACTCTCAATAGAGCG-1,-9.986185,7.0011506
AACTCTCAGTGTGCTC-1,5.709648,8.029559
AACTGATATTAGGCCT-1,0.2608016,0.32058302
AACTGGGTCCCGACGT-1,0.6083581,-0.017655008
AACTTGCCCGTATGCA-1,6.9201293,6.6423225
AAGACCCAACTGAACA-1,6.0291247,7.8539386
AAGACTGCAAGCTACT-1,-2.9714956,-3.6187732
AAGAGATGAATCGGTA-1,5.3709726,6.6506886
AAGAGCTCTTTATCGG-1,-7.1388664,5.0353127
AAGAGGATGTACGCGA-1,7.7764454,6.5122023
AAGAGGCATGGATCGC-1,-6.5957255,-0.8561247
AAGAGGCCCTTTGGAA-1,0.0054277163,0.3142609
AAGATTGGCGGAACGT-1,-9.78316,4.728333
AAGCACCCTGCGTATC-1,5.138159,5.097219
AAGCATACTCTCCTGA-1,5.542746,2.4171498
AAGCCGAAGCGGTTTA-1,-5.000312,1.1298476
AAGCGCAGGGCTTTGA-1,7.2415032,6.3569684
AAGCTAGATCGAGTAA-1,-0.8956642,-5.2758436
AAGCTCGTGCCAAGTC-1,-3.3716516,-2.1069062
AAGCTCTTTCATGGTG-1,-1.0979546,-2.455109
AAGGAGCGGTTGGTGC-1,-2.4585354,-2.2151964
AAGGATCGATCGCTTG-1,-3.7601595,-0.8381379
AAGGATGAGGGACCTC-1,-9.927537,5.0783515
AAGGCAGGCTGTCTCC-1,-3.0689855,-3.0746744
AAGGCGCGTAAAGCTT-1,5.1249337,5.472553
AAGGCTGTGCTCATCG-1,4.5563316,3.5608838
AAGGGACAGATTCTGT-1,-8.652355,4.3900967
AAGGTATCCTAATATA-1,-8.179928,5.294289
AAGGTGATAAACCAGC-1,-2.361373,-1.3854939
AAGTAGAAGACCGGGT-1,3.5876656,3.6705985
AAGTAGTGACGCGAGG-1,5.513956,8.0105095
AAGTCAATTGTCGTCA-1,-5.1107106,-0.69736135
AAGTGCCTTGACTGTA-1,-2.5613732,-1.4602343
AAGTGTTTGGAGACGG-1,-0.20039009,-3.508018
AAGTTCACTCCAAGCT-1,0.35582197,-2.677543
AAGTTCAGTCTGCGTA-1,-8.9967,4.175297
AAGTTGTGATGTTATA-1,5.4109073,1.9903189
AAGTTTATGGGCCCAA-1,6.391581,6.0454464
AATAACAACGCTCGGC-1,7.088277,7.3572884
AATAACACTAGAACAA-1,7.681834,6.91552
AATAGAACAGAGTGGC-1,5.3838,8.5076
AATAGAATCTGTTTCA-1,-2.2447848,-3.0044098
AATAGCTACCGCGTGC-1,-9.156365,3.5748403
AATAGTCCGTCCCGAC-1,4.559268,7.686177
AATATCGAATCAATGC-1,-5.0580916,1.247194
AATATCGAGGGTTCTC-1,-9.872148,5.2534814
AATCATGTAAAGACTC-1,-0.03916414,-4.381911
AATCGCCTCAGCGCCA-1,-3.0916817,-1.2397748
AATCGCGCAGAGGACT-1,-2.300054,-0.36483702
AATCGTGAGCCGAGCA-1,7.0627613,6.428292
AATCTATGCCGGAGCC-1,-9.204177,5.9274397
AATCTGCGTTGGGACG-1,-10.7552395,7.067665
AATGACGTAGGATGTC-1,-0.2585872,-0.79252267
AATGACTGTCAGCCGG-1,-2.696893,-3.782704
AATGATGATACGCTAT-1,-7.907744,4.686452
AATGATGCGACTCCTG-1,-9.992437,5.2178946
AATGCAACCGGGTACC-1,0.19659166,0.77037996
AATGCACCAAGCAATG-1,-10.92034,5.0209885
AATGGTTCTCACAAGC-1,2.54783,3.4281385
AATTAAAGGTCGGCGT-1,4.838331,4.6562023
AATTAACGGATTTCCA-1,2.5995457,3.6987104
AATTAGCGCTGCAGCG-1,5.358741,4.0664244
AATTCATAAGGGATCT-1,-9.255669,3.9716048
AATTCGATTCGAGGAT-1,2.213934,2.0594213
AATTCTAGAGTTAGGC-1,4.4725065,3.0272682
AATTGAACGCTCTGGT-1,-2.100262,-1.3212885
AATTGCAGCAATCGAC-1,2.1441453,0.261096
AATTGTGGTTGCCAAA-1,6.478136,2.1470726
ACAAAGCATGACCTAG-1,5.8521376,1.8511235
ACAAATCGCACCGAAT-1,-0.6518925,-5.785528
ACAAATGGTAGTGTTT-1,-1.7316563,-1.0061669
ACAACAGCATGAGCTA-1,-11.182309,5.2601047
ACAAGCAGTGCCTAGC-1,7.6141834,6.5039973
ACAAGGAAATCCGCCC-1,-0.27594635,-3.391581
ACAAGGACAAGAGGTT-1,4.0318427,5.4999056
ACAAGGATGCTTTAGG-1,5.304252,1.0817621
ACAAGGGCAGGCTCTG-1,-1.5823447,-0.8311853
ACAATCCATTTAAACC-1,6.262552,7.6510496
ACAATTGTGTCTCTTT-1,-0.39463294,-2.3780766
ACAATTTGAGCAGTGG-1,-8.273834,5.876662
ACACAAAGACGGGTGG-1,5.7267942,-4.8345737
ACACACCAGGACCAGT-1,-1.1202174,-0.6544446
ACACACTTTCTACACG-1,5.064761,-4.4795384
ACACCACATAATTAGC-1,-5.726083,0.7030815
ACACCCAGCATGCAGC-1,-2.7148018,-2.376918
ACACCCGAGAAATCCG-1,3.2876625,3.2355664
ACACCTTAAGTAGGGC-1,3.7147079,3.0748699
ACACCTTACTACTTGC-1,-4.8394265,-0.5245349
ACACGAGACTCCTTCT-1,-10.9279995,4.9469056
ACACGGGAACTTAGGG-1,0.5962304,-0.334627
ACACGTAGGCCACAAG-1,4.4982586,1.2608716
ACACTGATCAAGGTGT-1,5.1179895,8.992767
ACACTGGGACAGTCGT-1,5.0004416,0.42091063
ACAGCGACATTCTCAT-1,5.399392,0.9930608
ACAGGCTTGCCCGACT-1,0.084271364,-4.17995
ACAGGTGGAGGTGAGG-1,6.3341503,8.153961
ACAGTATACCGTGGGA-1,-6.031582,1.5334148
ACATAATAAGGCGGTG-1,-0.2530609,1.0411149
ACATCCCGGCCATACG-1,2.4254024,4.397213
ACATCGATCGTTTACC-1,-0.9961946,-5.938344
ACATCGGTCAGCCGCG-1,5.6466103,7.792241
ACATCGTATGCAATGG-1,-1.4218211,-0.8857838
ACATGGCGCCAAAGTA-1,-5.553677,-1.0427424
ACATTAGTTTATATCC-1,4.809197,4.3033
ACCAAACACCCAGCGA-1,-7.462665,2.171356
ACCAACACCACACACT-1,-9.520898,3.6530807
ACCAACCGCACTCCAC-1,4.792876,1.6002952
ACCAACGCTTATTTAT-1,5.4772468,8.33071
ACCAAGAACGCGTGTC-1,3.16664,3.959675
ACCAATATGCAAGTTA-1,-0.5504759,-3.067466
ACCACAAGTTTCTATC-1,-3.3931723,-3.9868095
ACCACCAATGTAACAA-1,-3.9936485,-0.9013279
ACCACCCTCTCTTCTA-1,-1.6999253,-0.11585351
ACCACGTGCAGCTATA-1,-0.51550806,-5.6424036
ACCAGTGCGGGAGACG-1,-1.6399916,0.074953355
ACCATATCCGCAATAA-1,-3.2545817,-2.9648826
ACCATCGTATATGGTA-1,5.425027,6.8480234
ACCCAACGCCCGTGGC-1,-9.122986,5.7872767
ACCCACCTACATGCTC-1,7.954891,6.1740284
ACCCATCTTGAGGGTA-1,6.5853944,7.2714596
ACCCATTTGTCCCTCT-1,5.556949,1.2453302
ACCCGGAAACTCCCAG-1,2.6040585,3.3221602
ACCCGGAGCACCACAA-1,-4.1559367,1.9908209
ACCCGGATGACGCATC-1,-10.764131,6.461442
ACCCGGTTACACTTCC-1,3.5081618,5.2351875
ACCCGTGTCATCAGTA-1,4.120814,7.8257356
ACCCTATGCCATATCG-1,5.9321446,5.3651314
ACCCTCCCTTGCTATT-1,-0.09485064,-3.9410486
ACCCTGGTAACGCCCT-1,-8.46535,2.8916671
ACCGACACATCTCCCA-1,5.843951,7.1353188
ACCGACTGAGTCCCAC-1,5.5192575,-4.3834825
ACCGATAGGCATAACC-1,-4.300322,2.003851
ACCGATATTTAATCAT-1,4.9101806,0.722754
ACCGATGGTAGCATCG-1,-3.6782415,-1.4891056
ACCGCAATAACTGCCT-1,-0.15520109,-4.5223174
ACCGCGGTGGAAGTCG-1,-1.4430834,-0.39056808
ACCGGGCCTTTGTTGA-1,-2.8405275,-0.07133802
ACCTAATCGACTTCCT-1,6.5110564,8.217254
ACCTACAGTATGTGGT-1,-5.1409206,-0.94495624
ACCTCCGCCCTCGCTG-1,0.2674652,-4.964419
ACCTCCGTTATTCACC-1,-5.603269,1.1547439
ACGAAATGGGCGGCAC-1,6.259971,5.715542
ACGAGTACGGATGCCC-1,-8.661572,6.4313154
ACGATACATAGAACTA-1,-8.040683,3.656433
ACGATCATACATAGAG-1,0.18338405,1.2526753
ACGATCATCTTGTAAA-1,-7.893261,5.8011136
ACGATGCATATGTTAT-1,2.9575374,5.721888
ACGCAATCACTACAGC-1,-9.45624,4.8643584
ACGCATACGTTTACTA-1,-0.09711926,-5.935573
ACGCATTCGTGAGTAC-1,-2.647186,-3.4383
ACGCCAGATGATTTCT-1,1.1804844,-0.7518041
ACGCCGCTAGACGACC-1,-1.112986,-5.8161545
ACGCGAAGTCAGACGA-1,4.1015096,4.0637875
ACGCGCTACACAGGGT-1,7.275162,6.979156
ACGCGGGCCAAGGACA-1,-3.0795987,-3.8738902
ACGCTAGTGATACACT-1,-10.733517,6.265725
ACGGACTCTCAAAGCG-1,1.7389313,0.81206715
ACGGAGCGCAAATTAC-1,-8.603136,4.5797467
ACGGATGGTGCGGATA-1,4.761526,1.0255951
ACGGCACTTGCTTGGG-1,4.444886,5.181825
ACGGCCAACATGGACT-1,2.5685294,4.9429646
ACGGCGACGATGGGAA-1,-0.010727163,-4.005132
ACGGGCGTATGCGACA-1,-7.9801064,2.6310477
ACGTAGATTGCTGATG-1,-2.8235967,-3.157827
ACGTATTACTCCGATC-1,-1.5407075,-0.6291113
ACGTGCGCCTCGTGCA-1,4.7586174,-4.3032017
ACGTTAATGTCGAAGA-1,-2.4292488,-4.303586
ACGTTAGATTTGCCCG-1,6.451075,6.912656
ACGTTCGCAATCAATT-1,-5.2316566,0.077597745
ACGTTCTGTACAAGTC-1,4.9845653,1.8107308
ACGTTTAGTTGTGATC-1,1.1762438,-0.8032898
ACTACCAGCTCTCTGG-1,4.9567933,5.112356
ACTACGCGTTAGAATT-1,4.8134418,8.2469635
ACTAGTTGCGATCGTC-1,-4.2558274,1.8294154
ACTATCCAGGGCATGG-1,-3.4557574,-1.5992404
ACTATCTGCCCGCGTA-1,0.7246816,-4.398113
ACTCAAGTGCAAGGCT-1,4.2564807,0.92507535
ACTCAATAAAGGCACG-1,5.5480504,-4.4192533
ACTCCCGAATTCGTTT-1,-8.360418,6.2504163
ACTCCCGTAGACTAGG-1,-7.0484376,1.7605559
ACTCCCTAATGCTAAA-1,5.1994157,4.82031
ACTCCCTAGAATAGTA-1,0.14586769,-5.8233786
ACTCGCCGTTCGATAA-1,1.6305789,0.1485981
ACTCGTCAGTAATCCC-1,-6.5695868,-0.9879581
ACTCTCTGACTTAGGT-1,-1.0225418,-0.7531876
ACTCTTGTATAGTAAC-1,-2.6075609,-1.7862738
ACTGAAACGCCGTTAG-1,0.31704178,-2.9111202
ACTGAATGGCGAAAGT-1,0.13516445,-5.821867
ACTGCCGTCGTAACTC-1,5.5210886,-3.38447
ACTGCGGACACACCGT-1,-2.9655643,-0.7821861
ACTGTACGATACACAT-1,-11.277436,6.0993295
ACTGTAGCACTTTGGA-1,5.077708,5.0812507
ACTGTCCAGGATTATA-1,-4.2148643,-5.93705
ACTGTCTTCTTTAGAA-1,5.393996,-4.5789123
ACTTACGCATCCACGC-1,5.5092998,2.707625
ACTTATACTTACCCGG-1,-9.511303,6.661276
ACTTATTAGGATCGGT-1,5.141748,3.184765
ACTTATTTATGTGCCA-1,-3.6151156,-0.84841883
ACTTCAGGCTGATCCC-1,-0.44874582,-3.703935
ACTTCCATGCGGGACA-1,3.3151193,0.77045506
ACTTCGCCATACGCAC-1,-10.768727,5.609536
ACTTGACTCCCTCTTT-1,-1.0460603,-5.854369
ACTTGGGACCCGGTGG-1,-2.7637327,-2.2992632
ACTTGTGGATGGAACG-1,0.5008767,-4.3496237
ACTTTACCCTCATGAA-1,-10.771449,6.960392
ACTTTCCTATAGCTTC-1,0.6594559,-0.094872765
ACTTTGTCGACGCACT-1,4.8165793,0.759399
AGAAATTATGACTCGC-1,0.7788427,-5.3029885
AGAACGTGGTACATTC-1,-11.095574,5.077651
AGAAGAGCGCCGTTCC-1,0.13824536,-0.860927
AGAAGGTTGCCGAATT-1,3.3256145,5.2863784
AGAAGGTTGTAGGTCG-1,5.440643,6.6004267
AGAATTATGGATTCGA-1,-10.930914,6.7836328
AGACCATGGGATACAA-1,6.516756,6.5164824
AGACCCACCGCTGATC-1,-2.7330353,-3.7230554
AGACCCGCCCTCCTCG-1,5.7745442,-4.8152857
AGACCGCTCCGCGGTT-1,0.8572686,-5.4880667
AGACGAAGTGCCGGTC-1,-5.480091,-0.7065465
AGACGCCCACTTCGCC-1,-4.260767,2.2056367
AGACTAGCCTTCCAGA-1,5.1240854,3.3978896
AGAGAACCGTCTAGGA-1,-8.712429,4.7527723
AGAGCCGCCGAGATTT-1,5.083434,1.3744453
AGAGCGGGCTAATCAT-1,4.9791083,-4.303869
AGAGCGTACAAGCTCG-1,6.7577944,6.899526
AGAGGCTTCGGAAACC-1,-0.727913,-5.96262
AGAGTAAACTTCACTA-1,-6.141419,0.8218025
AGAGTATAGTGTTACG-1,-5.803165,1.2839218
AGATAACTTCAGGGCC-1,4.4687076,5.5731163
AGATACCAATAGAACC-1,3.2146916,0.9660587
AGATACCAGCACTTCA-1,-7.3445587,2.4197533
AGATACCGGTGTTCAC-1,6.5058465,8.035463
AGATACGACTTCATAT-1,-0.13689144,-0.78053725
AGATACTCAAGATCGA-1,-2.7070286,-2.0237942
AGATATAATACGACTA-1,4.7500663,8.201911
AGATCGTGCATAAGAT-1,-9.73973,4.7006125
AGATCTCAGGTGTGAT-1,-10.502642,7.157443
AGATGACTCGCCCACG-1,-1.7882693,-2.4258916
AGATGATGGAGTCTGG-1,-8.027289,6.06465
AGATTATAGGACGTTT-1,-0.3574031,-0.7342816
AGCAAAGGCCGCTAGT-1,2.8368652,4.100187
AGCAACATATCTTATT-1,-6.0092964,-1.1289082
AGCACCAGTACTCACG-1,0.5431257,0.35257798
AGCACTACCTCACCAG-1,0.07804526,-4.5289345
AGCACTTAAGGACGCC-1,4.0001826,5.556023
AGCAGAAGGAGAAAGA-1,5.29397,7.934283
AGCAGCCAGATGAATA-1,2.5320978,4.4519396
AGCATATCAATATGCT-1,-0.028023118,-5.6002445
AGCATCGTCGATAATT-1,-1.9033871,-1.6288652
AGCATTACGAGGCAAG-1,1.4491862,-0.10306291
AGCCAAGCTTTGTGTC-1,7.184477,6.09842
AGCCACAGGTTACCCG-1,6.111889,1.864928
AGCCACTCCCGTGCTT-1,-8.738671,3.899485
AGCCCGGTAGCCTGTA-1,5.8433805,5.4233317
AGCCCTAAGCGAAGTT-1,4.9608917,-4.41728
AGCCCTTCTAATCCGA-1,-9.4277115,3.6927574
AGCCCTTGGACATCCC-1,5.751522,1.4397064
AGCGACAGGAACGGTC-1,7.612455,7.012389
AGCGACATCCCATTCA-1,-0.186267,0.2568461
AGCGACCAACGATATT-1,5.736828,-4.8335433
AGCGATGCGCCTAATA-1,2.9261117,0.6946267
AGCGCATAATGAATCG-1,4.7471743,8.223527
AGCGCGGGTGCCAATG-1,-8.171682,4.4076605
AGCGGACACTTCGTAG-1,5.986126,8.565821
AGCGGGTCTGACACTC-1,7.5938153,6.457639
AGCGGTTGCCGCTCTG-1,-6.452084,1.9427853
AGCGTGGTATTCTACT-1,-0.85418373,-5.7341986
AGCTAAGTACGCAGGC-1,4.0038176,0.96759164
AGCTAGAAGCAGAAGT-1,-9.754985,5.4671693
AGCTATTTAATCCAAC-1,-3.561505,-4.205997
AGCTCCATATATGTTC-1,3.8009913,1.0967411
AGCTCCTTCGCACATC-1,-0.2327596,-3.690136
AGCTCTAGACGTTCCA-1,-3.3564656,-3.5019612
AGCTCTTCCCAGTGCA-1,-3.1217892,-1.6023917
AGCTCTTCGTAACCTT-1,-2.4913592,-0.79453987
AGCTCTTTACTCAGTT-1,3.2350419,6.2595024
AGCTGAAGTAAACCAA-1,-5.8423824,0.060602583
AGCTTCTTCTCGAGCA-1,1.1875943,-0.23429058
AGGAACGAACGACTTC-1,6.799288,2.370526
AGGAAGCTGTCCGCCG-1,4.9951034,7.2690277
AGGACAGTCGAATCCC-1,-3.5882728,-0.98855656
AGGACGACCCATTAGA-1,3.281373,5.605153
AGGACGCTCGATGTTG-1,-9.261236,3.4228292
AGGAGACATCCACAGT-1,-6.181845,0.9018253
AGGAGGCCTTCGCGCG-1,-0.17001624,-4.9293323
AGGATAAAGTCGGGAT-1,3.682289,3.4165285
AGGATATAGGGATTTA-1,-1.9034172,-0.13308296
AGGATTGCTTACGACA-1,-5.620464,1.1289731
AGGCACGTGACTGTCC-1,4.702936,1.0597453
AGGCAGATGCGTAAAC-1,-8.476119,4.709672
AGGCAGGGAGCGTACT-1,7.294479,7.0390716
AGGCATTGTCGTAGGG-1,-2.7620945,0.097073235
AGGCCACCCGTTATGA-1,4.956021,5.6066656
AGGCCTGAGAATCTCG-1,5.792039,1.8521935
AGGCGATAACTGGCGT-1,-1.6438931,-0.0684117
AGGCGTCTATGGACGG-1,-7.8268595,3.4295828
AGGCTATGGTTAGCTT-1,5.842242,7.210621
AGGCTTCCCGAAGAAG-1,5.366838,8.318655
AGGGACCGGCTGCGTT-1,-5.270124,0.9042422
AGGGACTCTACGCGAC-1,4.3337092,7.941899
AGGGAGACATACTTCG-1,-8.016931,5.58937
AGGGCCCTAATGTTCT-1,7.3541727,5.659302
AGGGCGTGATCGGCTA-1,2.5931163,4.9941363
AGGGCTGCAGTTACAG-1,-3.4424703,-4.13075
AGGGTCAGTAACCCTA-1,-7.6664677,2.3603046
AGGGTCGATGCGAACT-1,-9.422028,6.67233
AGGGTGCTCTCGAGGG-1,-10.388633,7.224684
AGGGTTCCCTTTGGTT-1,-8.650134,5.3108816
AGGGTTTAGTTCGGGA-1,-2.461328,-1.6755962
AGGTAGGTACAAAGCT-1,6.197361,7.651355
AGGTATAATTGATAGT-1,-2.934287,0.34239814
AGGTCGCCTCCCAACA-1,6.000708,1.7381128
AGGTCGCGGAGTTACT-1,-10.108728,5.437142
AGGTGGTGACCTTCGC-1,5.98613,5.324106
AGGTGTTGCCGACCAC-1,0.12513396,1.0528324
AGGTTACACCATGCCG-1,-3.3917205,-1.2420832
AGGTTGAGGCACGCTT-1,5.672314,-3.242539
AGGTTTCACACACCTT-1,-2.4206607,-3.931905
AGTAATGTCTTGCCGC-1,0.3747829,-0.20306179
AGTACATCATTTATCA-1,-9.495585,6.204361
AGTACGGGCACCTGGC-1,-10.969045,5.8695545
AGTACTCTTATGCCCA-1,0.21319571,-3.9361382
AGTAGGAAGGAAGTTG-1,-7.770065,2.9926724
AGTATAATACTAGGCA-1,4.8470592,4.724935
AGTATTTGGCACGACC-1,4.8361354,8.03751
AGTCAACACCACCATC-1,3.8614638,5.6205826
AGTCAAGATGACACTT-1,-5.2424393,-0.6277689
AGTCACTAGCTCTCGA-1,-0.21653098,-5.6625524
AGTCCATTGGCTGATG-1,-2.409818,-1.6146562
AGTCCCGCCTTTAATT-1,-7.3426,2.14003
AGTCGACGGTCTCAAG-1,-7.924579,5.95423
AGTCGGCCCAAACGAC-1,3.9384522,3.8023546
AGTCGGTTGCGTGAGA-1,-5.020284,-0.7367105
AGTCGTATAAAGCAGA-1,2.6083355,2.4734807
AGTCGTCGACCACCAA-1,0.21304901,-3.8581645
AGTCTAAAGTATACTC-1,-8.85744,5.3504887
AGTCTTCTCCTCAAAT-1,5.4720273,-3.3981626
AGTCTTTAAAGTGTCC-1,6.812753,6.127751
AGTGAACAAACTTCTC-1,-3.5519357,-1.915208
AGTGAAGATGGTGTCC-1,-5.9593325,1.536697
AGTGACCTACTTTACG-1,3.9539948,5.83121
AGTGAGACTTCCAGTA-1,-9.203271,6.940261
AGTGAGCCTCGCCGCC-1,-11.021625,6.629791
AGTGAGTCGAATTAAC-1,1.6036549,0.118270755
AGTGATAACCTGCGCG-1,0.30332613,-0.8971707
AGTGATATGAGTAGTT-1,3.4094896,4.8993287
AGTGATTCAAGCAGGA-1,-8.254376,5.6102915
AGTGCACGCTTAAGAA-1,0.23980175,-2.727417
AGTGCGTAGCTCGTAA-1,5.4333754,8.418862
AGTGCTAAACACAGCA-1,4.0719643,1.7213595
AGTGCTTGCACGAATA-1,-6.3344293,-1.1315988
AGTGGCGGCAATTTGA-1,-9.588963,3.817282
AGTGGCGTCTGAAGGT-1,3.9532263,1.0540661
AGTGTATTGCGCATTG-1,-7.8730006,2.864564
AGTGTGGTCTATTGTG-1,1.9080989,0.9994904
AGTTAAACACTTGCGA-1,3.246116,6.22111
AGTTAAGCGGTCCCGG-1,-7.575542,0.49963564
AGTTACTCTATCGTGG-1,-7.0947633,1.8721989
AGTTCCTACAGAATTA-1,-3.0730374,-3.0607934
AGTTCCTATTTATGTT-1,-0.9634884,-5.9014235
AGTTGACGGTCCTTGC-1,7.938001,6.4842134
AGTTGGCAAGGCTAGA-1,0.688797,0.3099128
AGTTTATGTAAAGACA-1,-6.0959864,1.0839535
AGTTTGCACCTGCCTC-1,5.2864814,4.771399
AGTTTGGCACGGGTTG-1,-4.186321,-0.21470508
ATAAACGGACCCGTAA-1,4.6673346,2.8748603
ATAAACGTTGCACCAC-1,5.5378966,2.0081303
ATAAAGGCTCGGTCGT-1,3.4330523,2.5123012
ATAAATATTAGCAGCT-1,7.0424733,6.185834
ATAACGCCGGAGGGTC-1,-8.4681225,6.427798
ATAACGGAGTCCAACG-1,0.06326589,0.7027678
ATAAGGTGGAGAACAT-1,-0.9377208,-5.321015
ATAAGTAGGATTCAGA-1,-9.1163645,6.0552793
ATAAGTAGGGCGACTC-1,-9.180737,6.711352
ATAAGTTACCGCGACG-1,4.289894,5.2928886
ATAATAGCTGTTGAAT-1,-2.9016633,-3.6530366
ATAATCTTGGAGAACC-1,3.4870703,1.7000477
ATAATTAGCTAAGTAG-1,6.5988927,7.9089336
ATACAGGCCCTCCAAT-1,6.343452,2.4704356
ATACCACGGGCAACTT-1,7.2412443,7.2840204
ATACCTAACCAAGAAA-1,2.6346505,3.5002928
ATACGCCGGCGAAACC-1,-2.8146179,-2.2681205
ATACGGGTTTCGATTG-1,-7.4549637,4.429666
ATACGTACTTAGCCAC-1,-0.40121928,-5.5342317
ATACGTCCACTCCTGT-1,-2.947362,-0.16679339
ATACGTTATGCACGGA-1,5.6216307,7.82258
ATACTACCCGTACCAC-1,4.844168,0.57282984
ATACTAGCATGACCCT-1,0.6005025,-0.094988026
ATACTGCCTTACACCG-1,1.8191332,-0.3806944
ATAGACAACGGGACCT-1,-10.579756,5.386764
ATAGACGAAGAGAAAG-1,5.16813,4.5850163
ATAGAGTACTGGGACA-1,-3.0630522,-3.4279501
ATAGAGTTATCAACTT-1,-10.612112,5.2215366
ATAGCAACTAGGGAAG-1,5.367569,1.626327
ATAGGCTAGCTTCGCA-1,-8.71231,4.871415
ATAGGGATATCCTTGA-1,5.216305,-3.1719327
ATAGGTTGGGCAGATG-1,1.2504766,0.350925
ATAGTGAAGCGTTCTC-1,-2.582094,-3.832007
ATAGTTCCACCCACTC-1,-10.510345,6.7585874
ATATAAAGCGCTCGTG-1,3.0339391,2.90297
ATATAAATGTAGCTGC-1,-1.5678172,-1.5617722
ATATAACACGGGCGCA-1,6.5764027,2.4218643
ATATACGCTCGTGACG-1,3.1374884,0.5890253
ATATCAACCTACAGAG-1,-9.549177,6.9810643
ATATCGGTAGGGAGAT-1,-2.1591516,-1.7707318
ATATCGTTCCTCGAAC-1,1.007416,-0.728573
ATATCTCCCTCGTTAA-1,-6.940966,0.5631815
ATATCTTAGGGCCTTC-1,-4.3511024,-6.0941424
ATATGTCTCCCTAGCC-1,-10.489715,7.2992463
ATATTCAGTTAAACCT-1,5.4581914,8.042088
ATATTCCACATAGTGA-1,-0.8924284,-4.9644885
ATATTGCTGTCAAAGT-1,2.6178145,3.302058
ATATTGGAGAGGCCTT-1,-4.2883983,1.7441264
ATATTTAACCCTCAAG-1,-3.176143,-3.7527575
ATCAAACACTGTTCCA-1,-5.8190584,0.45833784
ATCAAACGAAGGTTTG-1,6.5253887,7.763452
ATCAATCTGGGCTGCA-1,-2.8112264,-2.7058535
ATCACATTAGAATATC-1,-6.870592,0.55201954
ATCACTTCATCCTCGC-1,0.79174066,-0.38579947
ATCAGACGGCACGCCG-1,4.99233,9.082467
ATCAGCCTCATGCTGC-1,0.20285186,-3.7652204
ATCAGTAGGCAGGGAT-1,-8.330123,3.8503165
ATCATAGCCCTATGTA-1,2.8739798,0.67824453
ATCATCCAATATTTGT-1,-2.8676322,-3.8504434
ATCCAACGCAGTCATA-1,4.8760366,5.3399854
ATCCACATCGACAGAA-1,3.9275985,5.7515383
ATCCAGAGCAACAACC-1,3.2117236,5.108294
ATCCAGGATTCGTGAA-1,3.609898,4.6499286
ATCCTACCTAAGCTCT-1,3.104043,5.7162547
ATCCTGAATCGCTGCG-1,6.286328,6.5251527
ATCCTGCGTGGAATGG-1,3.1457183,5.7629123
ATCGACCCAATACAGA-1,-1.2258552,-5.704521
ATCGACTCTTTCCGTT-1,-0.058214627,0.7933039
ATCGCACGCCGGGAGA-1,5.5711355,-4.4588814
ATCGCCAGTCAACATT-1,-1.7361416,-0.34284022
ATCGCTGCGTGCAGCA-1,-9.124922,4.6561484
ATCGGAGACAGACGGC-1,-0.64902747,-4.032524
ATCGGCAAGCAGTCCA-1,-8.71784,4.375254
ATCGTTAGCTAGCGGA-1,0.07313535,-3.6779838
ATCTAATATCCTACGG-1,5.069489,3.874628
ATCTAGCTTGTGAGGG-1,6.108384,5.482252
ATCTCCCACGGAATAT-1,3.4160113,0.58022314
ATCTCCCTGCAATCTA-1,1.5689391,-1.0810636
ATCTCGTGAGCGAAAC-1,-4.279148,2.0946827
ATCTGCACCTCTGCGA-1,-9.649511,7.0695896
ATCTGGGCTGTTCTTG-1,2.6438036,3.544669
ATCTGGTTAAGACTGT-1,-7.4465446,4.639487
ATCTTATCGCACACCC-1,1.6260868,0.062384754
ATCTTGACCTGCAACG-1,5.0721416,3.4044054
ATCTTGACTTGTCCAA-1,-8.2959585,6.0810947
ATCTTTCGTATAACCA-1,-4.732484,-1.0813109
ATGAAGCCAAGGAGCC-1,3.6240788,2.707634
ATGACGCCGGCTCTAA-1,-3.589549,-4.564206
ATGACTATGCGACATT-1,-0.017823286,-3.6568036
ATGAGGAGTGTTAATC-1,2.857932,5.8610983
ATGAGGGCAGCGGCTA-1,-3.0427067,-0.5654596
ATGATCGGGAATAGAC-1,-1.3072628,-0.8129314
ATGATGCAATGGTACA-1,3.8680801,4.68456
ATGCACTACCGCATTG-1,4.266772,3.4034932
ATGCATGATCCAGGAT-1,0.7196595,0.16423623
ATGCCAATCGCTCTGC-1,-8.128053,3.4886532
ATGCCATTTGCGACCA-1,-0.8900007,-0.7489855
ATGCCGGTCTTGCATA-1,-11.184202,5.8123674
ATGCCGGTTGATGGGA-1,-5.983976,0.38624933
ATGCGACAGTCCCATT-1,-1.480605,-0.7891187
ATGCGAGTCCCACCAC-1,-6.316706,-0.5451204
ATGCTCTGGCGCGGTA-1,5.242683,3.6513782
ATGCTTAGGAGTTGAT-1,3.78295,1.0537667
ATGGAACCTTTGCACA-1,-2.540667,-0.30760333
ATGGAGCAGGCCGTGA-1,-3.721514,-4.9469585
ATGGATCCGGCGTCCG-1,-6.978966,0.7074564
ATGGATTGACCAAACG-1,0.7550244,0.4881046
ATGGCGGAATAGTCGC-1,-8.004718,4.2182965
ATGGGCCTCGGCCTCT-1,-4.9157085,-0.35879672
ATGGTCGCGTGGTTTC-1,-1.3729745,-0.530754
ATGTAAGGCTGCTCTT-1,-4.6150723,-1.3621849
ATGTACATGCGGTGAG-1,4.3354235,1.4307653
ATGTACGATGACGTCG-1,7.6785665,6.5135174
ATGTAGCGCGCGTAGG-1,1.2498137,0.2607183
ATGTGCATCCGACGCA-1,4.790314,-4.3007812
ATGTGGACATCTTGAT-1,-0.45520744,-5.4667387
ATGTTGATTAGAGACT-1,2.9478207,0.93181896
ATTAAACATGCGGACC-1,-2.8610218,-2.2165492
ATTAATACTACGCGGG-1,1.4099888,-0.9737264
ATTAATGAACCAGTCG-1,-8.812004,3.1065097
ATTACATGTCAGTCTT-1,0.726047,-5.4630284
ATTACCACACTGCCTG-1,-4.419136,1.9428787
ATTACGACTCCACAGT-1,-6.9094033,1.8249338
ATTACGCGCTGGCAGG-1,7.676626,6.689526
ATTACTAGCCTCTTGC-1,3.5828564,4.039327
ATTACTTACTGGGCAT-1,-8.933308,5.7129984
ATTAGATTCCTCAGCA-1,-10.116755,5.1335187
ATTAGATTGATAGCGG-1,-3.3192015,0.0729917
ATTAGGCGATGCTTTC-1,-2.3956873,-1.5590528
ATTATACTTTGCTCGT-1,-7.295272,0.49504527
ATTATAGCTACTTTAC-1,-4.541115,-0.56201714
ATTATGCCATAGGGAG-1,-2.1714437,-1.6268412
ATTATTCAGAGTCACT-1,2.7906203,0.8884101
ATTCAACCATTTAAGG-1,-0.06295967,-2.61728
ATTCACTGATGTTGGA-1,5.2526298,4.511341
ATTCAGGACCTATTTC-1,-9.649868,3.858421
ATTCAGTAGCAGGGTC-1,7.731208,6.2330832
ATTCATATACTGTCCA-1,4.4559054,2.9247303
ATTCATCGTTGAGGCA-1,5.2819104,2.2293513
ATTCCCACATAAACAA-1,6.9365525,5.8910127
ATTCCTAAGACGTGGA-1,-7.9788337,3.499231
ATTCCTCCGCCAGTGC-1,4.4768147,4.39003
ATTCGACGCCGGGCCT-1,6.126435,5.4920683
ATTCGCGCCTTGAGAG-1,2.9781024,0.6619607
ATTCGTGCTATCTCTT-1,-4.437985,-0.6418525
ATTGAAGATCTTAGTG-1,0.1859578,-1.0181955
ATTGACCGGCGATGAC-1,-8.611686,4.0817213
ATTGATGAGTCCTAAC-1,-8.785607,6.6121683
ATTGCCTTTATGTTTG-1,2.797678,1.3165791
ATTGCGATCAGTAACT-1,-1.1037109,-4.623067
ATTGCTGCTCCTCCAT-1,3.8698618,4.9690795
ATTGGATTACAGCGTA-1,0.1865497,-5.797774
ATTGTACAACTCGGCT-1,-10.6995,6.8288336
ATTGTCGCAATACCTT-1,-7.523188,0.41068012
ATTTAACTCGTATTAC-1,2.436828,3.010712
ATTTACAGTTTACTGG-1,4.3580356,5.7346387
ATTTACTAAGTCCATT-1,-10.025601,5.0757732
ATTTGTCTTGGGAGCT-1,-6.5345125,-1.0459172
ATTTGTTCCAGGGCTC-1,5.82039,-3.211761
CAAACGAGTATCGCAG-1,3.0602448,5.782064
CAAACGGTCGCACTTT-1,4.6247225,4.930843
CAAACTCGCGACGCCG-1,-5.919801,1.0650033
CAAATGTCCTTCCGTG-1,3.6532743,3.6924186
CAAATTGGATTATGCC-1,-8.033544,4.002157
CAACACATCTCCTGCC-1,-5.446025,1.4780949
CAACCAGTGGCCTACC-1,5.986192,1.7847154
CAACCTACCGAGCAGT-1,4.938231,0.847261
CAACGACCCGTTTACA-1,-2.9107082,-3.746778
CAACGGTTCTTGATAC-1,2.3711534,3.3933113
CAACGTGGTGGAGTCT-1,5.0891886,1.080984
CAACTATATCGAATGC-1,-7.5652056,0.3819646
CAACTCCTTGATCCCG-1,3.3416562,3.8477373
CAACTGCTCATCCGAT-1,4.279047,7.8461623
CAAGAGGGCGGAGTAC-1,-0.93692726,-5.34046
CAAGATATTATAACGT-1,-2.2990646,-0.9096607
CAAGCAACGTCGGAGT-1,3.221927,6.2403703
CAAGCACCAAATGCCT-1,0.0705044,0.5471182
CAAGCGGCACATAATT-1,5.030871,2.2475777
CAAGGATCGCATGTTC-1,-3.9232903,-5.7100415
CAAGGCCAGTGGTGCA-1,7.0117116,2.59154
CAAGGTCCTATAGGCT-1,-4.259653,-1.2012299
CAAGTGTGGTTGCAAA-1,-5.9134855,-0.99674606
CAATAAACCTTGGCCC-1,-9.621354,3.9593709
CAATACGAGAGTCTGA-1,-5.0643783,1.6489062
CAATATTCTTGACCTA-1,7.3765817,6.9214334
CAATGAGGTTCGACTA-1,-5.927692,0.29618537
CAATGCGAGAAGTATC-1,0.16329464,-3.7131019
CAATGGATCTCTACCA-1,-8.669495,5.226155
CAATGTGCCAACCCTT-1,-2.085557,-0.26217362
CAATTAAGGGTGATGA-1,5.304389,-4.468259
CAATTTCGTATAAGGG-1,-4.3599567,-6.0983076
CACAATGAGCTGCTAT-1,3.722591,5.5301056
CACACACGCTAACGAG-1,-0.13612044,-5.4408174
CACACAGCTTGCGCTC-1,-4.2789493,2.1652598
CACACAGGGATAGATT-1,7.29782,6.608881
CACACGCGCTGTCTTA-1,-9.290366,6.183542
CACAGCACCCACGGCA-1,2.618802,5.754595
CACAGCTAGGGAGTGA-1,5.5817347,-4.8016
CACAGGGCCATATAGT-1,-0.5309136,-5.0007167
CACAGGGCCGTTGTCA-1,5.955526,8.011685
CACAGTCCCGCTTCGC-1,5.0406704,0.73189545
CACAGTTCGCTTCCCA-1,0.4284115,0.4151181
CACATATTAGCAGGAT-1,-1.0127872,-5.088256
CACATCTCACCGACGA-1,4.962059,1.4431535
CACATGATTCAGCAAC-1,-4.2591896,-5.991916
CACATTCTTTCGATGG-1,-3.4939444,-0.8621358
CACATTTCTTGTCAGA-1,-5.778344,-0.18529412
CACCCAAATCTTATGT-1,-7.796946,5.766846
CACCCACACGTCACCC-1,3.0474317,5.045115
CACCCACGAGGCAATT-1,-5.875433,0.17668428
CACCCGGTTTGTGACT-1,7.6222816,6.8989887
CACCCTAACAAGATCT-1,-0.50741816,-4.6360965
CACCGCCAGAAGGTTT-1,0.8486658,-0.0545801
CACCGCGTCCACTCTA-1,-9.333445,3.4451551
CACCGTATCCCATCCG-1,0.12639008,-3.6748626
CACCGTTAGGGATCAC-1,5.904658,5.8418145
CACCTAATCAGTTTAC-1,5.4761415,-4.2770286
CACCTCGATGGTGGAC-1,5.8525553,-3.1843126
CACCTTGCGAAACTCG-1,-9.303352,3.7608907
CACCTTGGCGCCTTTG-1,-3.903519,-0.856178
CACGAAAGTTAGTCCC-1,6.8696513,8.008076
CACGCACAGCGCAGCT-1,5.748882,-3.260636
CACGCAGCGAGGCTTT-1,4.775991,4.566135
CACGCGGAACTGTTGC-1,-1.6784441,-0.84129506
CACGGACGTGGATGGC-1,5.6427183,-3.2181537
CACGGCGCGCCAAAGG-1,-7.996358,3.2990713
CACGTCAATCAATGGA-1,4.51464,1.3826969
CACGTCGGCAACCTCT-1,5.8323674,8.083609
CACGTTCGTGCTCTAG-1,-6.527549,-0.9556123
CACGTTTCGTACACAC-1,0.24895969,-3.5523162
CACTAAAGTTGCCTAT-1,-2.427784,-3.893972
CACTACGGGAGCTGCC-1,2.5965383,0.30062658
CACTCAAGAGCTATGG-1,-2.907469,-3.8273675
CACTCCTCTCGGTCGG-1,-7.5121484,0.41377062
CACTCGAGCTGAACAA-1,-1.7298355,-2.8585088
CACTCTTCTGCTAGCC-1,5.7225227,1.4445238
CACTGTCCAAGTGAGA-1,-0.20543961,-0.27333742
CACTTAATCAGACGGA-1,4.0684686,3.3454955
CAGAACTTAGCCCTCT-1,-0.14973262,-4.632391
CAGAATAACACACGGA-1,4.408754,0.89895123
CAGACACCGATCGCTG-1,5.8076262,7.609166
CAGACCTGTAAGTGTT-1,-10.322209,7.016048
CAGACGAACCTGATAC-1,3.101832,5.7750034
CAGAGACGGTCACCCA-1,4.017612,5.684574
CAGAGCATGAGCTTGC-1,5.2225327,-4.475972
CAGAGGCGATGCATGA-1,4.8037896,8.335295
CAGATAATGGGCGGGT-1,2.7738965,0.62131596
CAGATACTAACATAGT-1,3.9948385,2.7228475
CAGATCATTTAAAGTC-1,-9.809427,5.05291
CAGCAGCCCGTTCCTT-1,-10.853048,6.3736954
CAGCAGTCCAGACTAT-1,-4.7681623,-1.151704
CAGCAGTCTGTGCTGC-1,2.287001,2.4997694
CAGCCTCCTGCAGAGG-1,-0.4453386,0.3425745
CAGCCTCGATAGCGGT-1,7.0168047,2.5303562
CAGCCTCTCCTCAAGA-1,-7.335569,2.121763
CAGCGATTCCCTTCAA-1,5.5800824,8.179557
CAGCTCACTGAGACAT-1,-3.3554566,-4.047387
CAGCTCGACAAGTTAA-1,-10.477611,5.4231925
CAGCTTAGTAGGTAGC-1,7.473077,7.0028276
CAGGATATATCGTTGT-1,-2.6413562,-1.9774212
CAGGCAGTCTTACCAG-1,5.14858,1.964839
CAGGCCGTTTGGGTGT-1,3.26347,6.2506614
CAGGCGCCATGCTAGG-1,-1.9356961,-4.0788436
CAGTAACTATTTATTG-1,-9.0516815,4.513074
CAGTAATCCCTCCCAG-1,6.611809,5.711958
CAGTACATTCTCTAAA-1,-10.852349,5.1377153
CAGTAGCCCACGCGGT-1,-8.172968,4.5538864
CAGTCGAGGATGCAAT-1,-8.668795,5.0053062
CAGTCTGTATACTGGG-1,-1.4358538,-5.0359197
CAGTGAATAAATGACT-1,-9.616629,4.029771
CAGTGTCCGCAGAATG-1,2.7663734,5.845968
CAGTGTCGGCTGGCCC-1,0.20112212,-4.6602592
CAGTTCAAATTGACAC-1,-2.667122,-3.2847903
CAGTTCCGCGGGTCGA-1,7.4642987,6.678291
CATAACGGACAGTCGT-1,-9.050152,6.237053
CATAAGAAGCTTGGCT-1,5.311308,4.3661246
CATACACGGTTCCCAC-1,4.3850784,7.6145954
CATACCCGTACCCAGT-1,6.9610367,6.7767916
CATACGGCGTCTGGGC-1,-3.7334583,-5.027559
CATACTATGTAATTGT-1,4.7669888,4.43198
CATACTTAGGCAATAC-1,-4.121793,-0.6600088
CATAGAGGAGATACTA-1,1.635505,0.25245094
CATAGCCGCCCGGGAT-1,0.80209464,1.3681891
CATAGCGTTGCCCACC-1,4.9311943,8.565434
CATAGTACATTGAGAG-1,-7.6139817,0.27897567
CATAGTAGCATAGTAG-1,4.0934396,3.876803
CATAGTCAAATACATA-1,5.469177,1.5855818
CATATACTACTGATAA-1,-9.855952,4.598721
CATATAGGTACAGTCA-1,5.112241,3.3374977
CATCATTACCCTGAGG-1,0.093927816,-4.485191
CATCCTCTCAAAGATC-1,0.09776567,-2.4713864
CATCGGACGGGTTAAT-1,-3.0753927,-3.2929778
CATCTAGTGAAGGGAA-1,-4.6727376,2.0334122
CATCTATCCCGTGTCT-1,-9.049622,3.9625204
CATCTTACACCACCTC-1,-9.122518,6.7765827
CATGACTTCGCTGAAT-1,-2.6888041,-1.0842426
CATGAGATGCACTCTC-1,5.0748153,1.6924398
CATGATCGCTTTGAGA-1,2.621898,0.90607744
CATGATGCACAATTCT-1,5.7839274,-3.2248297
CATGATGGAAGTTAGC-1,-3.2555327,-0.81792516
CATGCGACCAGTTTAA-1,-9.037369,5.3618355
CATGCGTTAGACAGAA-1,5.568171,-4.7284718
CATGGATTGTCTTCCG-1,0.010097588,-5.8294954
CATGGCAGGAAGATCG-1,-2.4965591,-2.01146
CATGGGTATGCCTTAT-1,0.06357142,-3.9983935
CATGGGTCGGGTGTGG-1,-2.8202007,0.20039721
CATGGTAAGTAGCGTT-1,-2.0438306,-4.6541348
CATGGTCTAGATACCG-1,0.25140923,0.9889845
CATGTAAGAGACATTT-1,-0.3313588,-5.3920774
CATGTAGGAGCGCCAA-1,-7.197084,4.292073
CATGTCTCATTTATGG-1,0.19651948,-5.403873
CATTACATAGATTGTG-1,-6.2256794,0.4542742
CATTACGTCGGCCCGT-1,0.43895137,0.7261839
CATTATGCTTGTTGTG-1,-0.16221268,0.6143068
CATTCCCATTCCGTCG-1,-6.0229836,0.9776628
CATTCGTCGTAGCGGT-1,6.3374996,2.2852936
CATTGATGAACACGCC-1,-6.4334025,1.2421769
CATTGCGGGTCAATTC-1,-8.10344,4.273148
CATTTAGCGGACCATG-1,-8.024255,4.547891
CATTTGAGTGGTACGT-1,5.481754,7.455904
CCAAACAGAACCCTCG-1,-3.0060184,-3.0512087
CCAAATAACAAGATTC-1,-4.1199365,1.9931372
CCAACGATGCACTGAT-1,3.5306275,6.171366
CCAAGAAAGTGGGCGA-1,2.5809815,5.545318
CCAAGACTTCTGCGAA-1,0.6089103,0.5520698
CCAAGCGTAACTCGTA-1,-8.186048,5.5290165
CCAATAGTGCCGTCGA-1,3.9085987,5.7294774
CCAATGTCACAGCAAG-1,5.15741,4.1650457
CCAATTACGGGTCGAG-1,-7.886397,3.260843
CCAATTGAATGTTAAT-1,4.0415115,2.9266686
CCACAATGTACGTCTT-1,-10.159379,5.415653
CCACACTGAGATATTA-1,4.169057,4.031796
CCACAGTACCCATCCT-1,-6.5823174,-0.91310894
CCACATACTGCACCCA-1,-4.1760287,2.062643
CCACCAACTTTACTGT-1,6.748341,7.9891114
CCACCCAAGGAAAGTG-1,-3.3555987,-3.1408038
CCACCTGTATGGAATA-1,5.192829,1.0127012
CCACGAATTTAACCTC-1,-6.3293614,0.034798145
CCACGAGAAGAGAATC-1,-0.04249472,0.4737087
CCACGGTGCCCGGTAG-1,-7.9163094,5.697263
CCACGTAAATTAGACT-1,-5.4941607,-0.0039807064
CCACTATCCGGGTCAC-1,-6.3065805,0.5111603
CCACTGTTTGGATTAA-1,-1.7231581,-1.2554743
CCAGAAAGCAACTCAT-1,5.545303,6.831939
CCAGATAGTTGAGTGA-1,-9.222599,6.140691
CCAGCCTGGACCAATA-1,-4.180646,-5.908304
CCAGCTCGAACGCATT-1,4.86775,7.997907
CCAGGCTGGCGTCTGA-1,5.0284815,0.9571533
CCAGGGACGTGGCCTC-1,0.009268137,0.8603324
CCAGTAGTCTGATCCA-1,-10.330603,5.0101027
CCAGTCTAGACGGCGC-1,-8.525491,4.098787
CCAGTCTTGTCATAGA-1,5.325624,7.710577
CCATACCTTTACTTGT-1,-10.477598,7.266029
CCATAGGTTGGCGTGG-1,4.844286,-4.3128467
CCATATGGAAACTATA-1,0.31730628,-3.2686138
CCATCGCAGTTAAACT-1,3.8728185,3.45838
CCATCTCACCAGTGAA-1,-9.607634,6.368191
CCATGCCCTAGATTTC-1,-0.036940813,-5.6028695
CCATGCCTGTTTAGTA-1,-2.335611,-1.6630571
CCATGCTCTGCAGGAA-1,-2.062211,-2.0727262
CCATTAGCGATAATCC-1,4.4860744,5.003815
CCATTCCCTGCCCACA-1,3.1424086,6.1395626
CCATTTCTACCTATTA-1,4.7760596,2.6094983
CCCAAACATGCTGCTC-1,-10.955101,6.8346543
CCCAACATACGTCGCG-1,6.614693,7.9643574
CCCAAGTCATTACACT-1,1.623925,0.18480888
CCCAATTTCACAACTT-1,6.420538,7.7903595
CCCAGAGGAGGGCGTA-1,-10.847644,5.593587
CCCAGGTCTGAAGGCT-1,1.3747635,-0.4479406
CCCAGTTAAGGCGCCG-1,-4.445197,-0.91763645
CCCATATAGGTCGATT-1,6.9097524,2.4670467
CCCGACCATAGTCCGC-1,5.749964,-3.1936154
CCCGAGTTTCTCCGTA-1,-5.793575,1.0900257
CCCGCAGCGCGAACTA-1,-0.6294673,-5.9217806
CCCGCCATGCTCCCGT-1,5.0300703,3.6695557
CCCGGTGGAAGAACCT-1,5.870609,5.1317787
CCCGTAAGTCTAGGCC-1,6.0063376,5.6076446
CCCGTCAGCGTCTGAC-1,-2.840025,-2.5696886
CCCGTTTCGCAGATGT-1,-3.2417061,0.31399128
CCCTCATTCTGGAATT-1,2.361235,4.9010353
CCCTCCTCGCTCGTAT-1,0.73582834,-5.4389167
CCCTGAAATGAGTTGA-1,4.0428557,5.4158916
CCCTTTAATGGAGTTC-1,1.9189742,-0.016043069
CCCTTTGACAGGTCTT-1,3.9785218,5.5818295
CCGAACCTTCCCGGCC-1,-0.27836165,-5.9649687
CCGACAATAGGCCGCC-1,0.9002184,0.42883295
CCGAGAAGTCGCATAA-1,-4.8564262,1.0431817
CCGAGCTGTGCTTGTC-1,-8.824108,3.0761333
CCGATCTCAACCTTAT-1,-11.030662,6.6383357
CCGCACAAAGACCAAC-1,-6.39652,-0.79615057
CCGCACGTGACCTCGG-1,7.5467577,6.7118454
CCGCATGTGGTACGAT-1,4.6097665,4.472066
CCGCCGTTGAGGATAA-1,-5.0579123,1.382062
CCGCCTGCGAATTGGT-1,-7.2161627,2.385158
CCGCGGAATGCGTCAC-1,4.775159,9.042742
CCGCGGGTACGAAGAA-1,7.686678,6.3472066
CCGCTATCAGCACCAG-1,-1.1092749,-5.6697974
CCGCTCTTCCGAACTA-1,4.0468197,1.4727697
CCGCTTGCTGACATGG-1,-8.692942,5.253262
CCGGAATGGTTTCAGT-1,6.723313,6.2827897
CCGGAGCGTACTTTCT-1,5.4510574,8.467846
CCGGAGGTCTTATGGT-1,-6.3237348,1.8014098
CCGGCACGACCGTTTC-1,-2.247399,-0.22715466
CCGGGACCCGCAGAGA-1,1.1484677,1.1257434
CCGGGCGGTCTCGTCA-1,-11.059684,5.8689404
CCGGGCTGCTCCATAC-1,-9.666049,6.4009175
CCGGGTTCGAGGTTAC-1,6.133257,7.9986835
CCGGTAATGGCTAGTC-1,-4.5335546,-0.9901044
CCGGTTTGTAATTGTG-1,6.7327347,6.965145
CCGTAAGTTGGTCCCA-1,-11.082398,6.1888943
CCGTAGGAAATCCCTG-1,4.1007304,1.5867896
CCGTAGGGTTGTTTAC-1,4.9008446,0.6891019
CCGTATTAGCGCAGTT-1,-8.411123,2.8328187
CCGTGAGGCATTCATG-1,-0.055277247,-0.87571985
CCGTGGAACGATCCAA-1,-9.978922,4.896462
CCGTTACGTTAGAACA-1,-4.5762386,0.3833743
CCTAAATTAACGGTTC-1,-1.6064095,-5.212227
CCTAAATTGTATCCTA-1,0.8014054,-5.370126
CCTAACCCAAACAAGT-1,0.029198537,-5.9230523
CCTAACTAAGGCTCTA-1,-9.955267,4.229802
CCTACATTCACAGACG-1,5.320981,6.66191
CCTACTCAACACGATT-1,6.288061,2.294561
CCTACTGCTTACACTT-1,-3.1539967,-3.3225913
CCTAGGCGTAGCGATC-1,-9.183842,6.62348
CCTATAATGAGTGCCC-1,-0.82960093,-3.6253133
CCTATACCGTCCTGTC-1,5.852552,7.728047
CCTATATTTGTCCTGG-1,6.2705345,5.9883747
CCTATCTATATCGGAA-1,0.37194118,-0.12642597
CCTATGAAGTGGTGCC-1,-1.7603986,-0.8013771
CCTATGGGTTACCGTC-1,-1.81897,-1.2076039
CCTATGTCCACTCCAC-1,5.987946,1.6436425
CCTCACCAATCTTGAC-1,2.7617848,4.869124
CCTCACCTGAGGGAGC-1,-9.806887,6.108854
CCTCACCTTAGCATCG-1,-9.251444,5.621195
CCTCACGTCAGCTAAT-1,3.2098758,1.9483472
CCTCCGACAATTCAAG-1,6.0288744,7.9059453
CCTCCTGTTGTGTCGT-1,4.2866726,1.1271619
CCTCGAAGTGGACGGG-1,0.72239107,2.2309463
CCTCGCCAGCAAATTA-1,0.5237182,-0.37069014
CCTCGCGCGATATAGG-1,-9.441499,4.268694
CCTCGCGCTGTGCGAT-1,2.326579,4.23371
CCTCGGACCGGGATAG-1,-6.087348,-1.0863057
CCTCTAATCTGCCAAG-1,5.6645355,-3.262131
CCTCTCTCCCATCTAG-1,5.243922,6.027448
CCTCTGTACTATTCTA-1,4.29132,4.387707
CCTGAACGATATATTC-1,-10.661786,6.6989126
CCTGAATATTTACATA-1,5.7235928,-4.3683476
CCTGACCACCGATGGT-1,-2.4852455,-4.0693746
CCTGCTATTTGAGAAG-1,-1.7171284,-1.1376885
CCTGGAAACGTTCTGC-1,-6.501241,-0.71796733
CCTGGCTAGACCCGCC-1,3.8307106,3.722129
CCTGGTCGAATGTGGG-1,1.2423964,0.97623354
CCTGTAAGACATGATA-1,3.6504703,5.640724
CCTGTCACCCGGGCTC-1,5.6381145,-4.564927
CCTGTCCCTCACGTTA-1,-4.5920897,-0.38348243
CCTGTCGCCCGTAAAT-1,-4.4310946,-6.1149263
CCTGTTTGAAGACACG-1,0.5340251,-2.7045286
CCTTCTTGATCCAGTG-1,5.7798934,-3.2009912
CCTTGACCACTTTATT-1,-1.0431553,-0.7786717
CCTTTAAGGGAGCACT-1,5.1983056,7.8390207
CCTTTCAATGAAGAAA-1,-7.7036943,5.1236296
CGAAACGCAATTCATG-1,6.6042595,7.4532356
CGAACAGTATGGGCGT-1,-1.0965353,-4.643578
CGAACCCGCATGCGTC-1,3.3650243,5.982359
CGAACGCCCAGTGCCG-1,0.83703357,2.3186245
CGAAGCTATAAATTCA-1,-10.56414,5.355693
CGAAGTTGCTCTGTGT-1,5.382445,6.0768805
CGAATGACGCATAATG-1,7.1044965,7.126537
CGACAATTTGATCTAA-1,-1.7618772,-0.8356886
CGACACGCTCCGACAG-1,-1.9338189,-0.3769596
CGACAGTTCGCGTTAT-1,3.9722347,5.298912
CGACTCAGGATGTTAT-1,-8.039858,3.7327778
CGACTTTGTATAGCCT-1,-7.1599045,5.0952606
CGAGACCCTAGAGTGT-1,-1.1733347,-5.577914
CGAGAGATGTGAACCT-1,-11.301823,5.574427
CGAGAGCTTTCACTAC-1,6.005059,2.2269633
CGAGAGGGTAGCCGCG-1,0.081685945,-5.8070726
CGAGATTTCGCTCGGG-1,-2.973535,-1.3268127
CGAGCACTTCAAGTTT-1,8.007442,6.0791802
CGAGCTGGGCTTTAGG-1,0.5726955,-0.1960741
CGAGGAGCTTCCATAT-1,-8.410171,3.547315
CGAGGATCGGGAACGA-1,-3.6483743,-0.6854173
CGAGGCTAAATATGGC-1,-8.202108,4.9615793
CGAGGGACTGCGGTCG-1,-4.5610976,-1.1259996
CGAGGGTATCCAGGTG-1,7.5237885,6.701486
CGAGTTCTGTCCCACC-1,-9.676253,5.4678845
CGAGTTTATCGGACTG-1,-8.474465,6.1196084
CGATAATACTCAGGTT-1,-3.8018098,-0.47589418
CGATACCTCGCGGACA-1,4.06845,4.1333137
CGATAGTCGTACTGCA-1,7.28736,5.544246
CGATCCGACCCAGTGC-1,4.9222307,4.1402926
CGATGGACCCTACGCC-1,-9.466208,5.531986
CGATTAAATATCTCCT-1,2.616817,5.310834
CGATTCGCCTGGCTGC-1,5.419791,3.4378002
CGCAAACACGAGTTAC-1,3.7671704,4.3233185
CGCAATTACTTTCGGT-1,5.3851304,5.8562717
CGCAATTAGGGTAATA-1,4.6235833,3.776237
CGCAATTCTACAATAA-1,6.5798316,7.1874948
CGCACATGTCCACTAC-1,-4.7036643,-1.2050477
CGCACGTGCGCTATCA-1,-10.622641,7.1155677
CGCAGATCTTCACCCG-1,-10.989523,5.0830307
CGCAGGCGATCCAAAC-1,0.014230823,-4.9245496
CGCATCCATCAGCCAG-1,-3.5185187,-0.3100607
CGCATGCCGAATGCGT-1,6.0525956,2.2703123
CGCATGGTGCGATGCT-1,-3.3660698,-5.4139695
CGCATTAGCTAATAGG-1,5.2560678,-4.7131233
CGCCATCCGATTATGA-1,-9.585055,3.842073
CGCCCAGCACGCCTAG-1,6.4028797,8.3557
CGCCCAGCGTTTCACG-1,6.2432275,2.1188753
CGCCCGCTTCCGTACA-1,-7.1746626,0.49865708
CGCCGCCCATGCCTGT-1,-6.5181193,-0.98665136
CGCCGTTCAGCATAGT-1,-2.2682092,-3.1301465
CGCCTCCCTCCTCTAT-1,-0.008859979,-5.9233947
CGCCTGGCCTACGTAA-1,0.89566374,2.3799286
CGCCTTTAGCATGCTC-1,-4.723421,0.88652277
CGCGAAGTGGCATACT-1,6.002481,2.1130476
CGCGACCGCGACAGAT-1,4.526006,1.3069842
CGCGAGAGGGACTTGT-1,-8.403674,2.902599
CGCGCATGTTTGATTG-1,3.2682314,5.7339067
CGCGCCCGACTTAATA-1,5.7126684,-3.2052405
CGCGGCTCAACTTGAA-1,-2.911352,-1.5757245
CGCGGGAATTAGGCAG-1,-11.248495,6.4309645
CGCGGTAAGTCTAGCT-1,-6.2730007,0.44524994
CGCGGTACGGTATACA-1,5.8338585,1.4163395
CGCGGTCACAAACCAA-1,-10.88027,5.053406
CGCGTTCATGAAATAC-1,-2.5464566,-3.5442753
CGCTACGGGACATTTA-1,4.7043447,4.307485
CGCTAGAGACCGCTGC-1,-6.5113115,-0.9553861
CGCTATACCGCCCACT-1,2.6492743,4.9239063
CGCTATTCTTAGGCTC-1,-3.8816798,-5.367726
CGCTCGACATAATGAT-1,3.949084,2.8391004
CGCTCTCCGTAGATTA-1,3.343726,6.0883045
CGCTGGTGACTACCCT-1,-5.952327,-0.7426348
CGCTGTGACGCCGCAC-1,3.4584422,2.5215554
CGCTTATTCCCGGTCG-1,6.9327407,6.2696486
CGCTTCCACTGAAATC-1,3.4006078,3.6670582
CGCTTCGGTCTAAGAC-1,6.953555,2.5421402
CGCTTGGACGGATAGA-1,5.9253244,2.0474026
CGCTTTCATACCGGTG-1,1.5472504,1.3028524
CGCTTTCTTGCATTCG-1,-8.76691,6.5879245
CGGAAAGAATCAAACG-1,6.2469997,7.1170926
CGGAACGTAAACATAG-1,3.6554875,6.601529
CGGAGCAATTTAATCG-1,3.2742164,5.8284097
CGGAGCATGGCGATCC-1,-4.2243986,-5.957733
CGGAGTTTGAGAGACA-1,4.8715196,5.927648
CGGATCCTCAAGGACT-1,4.5457706,1.9559273
CGGCAAACATCGTGCG-1,4.5412016,3.1044805
CGGCAATAAGATCGCC-1,0.49201855,-2.716782
CGGCAGGGTCGGGTTG-1,-10.053751,6.7762575
CGGCCACGCACAAAGT-1,-4.30546,-6.0624685
CGGCCCAACCTGTAGT-1,-9.04383,6.451688
CGGCCCAGGTATATCC-1,-2.854165,-1.4437484
CGGCGCCATCAATCCC-1,-0.0281239,1.1698695
CGGCTCTAAAGCTGCA-1,-5.370775,1.3788998
CGGGAATATAGTATAC-1,-5.760045,0.048500273
CGGGAATTTATGTAAA-1,-0.07055893,-3.0060627
CGGGAGCTTCAGTGTA-1,-2.1149206,-3.1191645
CGGGATCAATGTAAGA-1,0.8163231,-0.12575272
CGGGCAGCTAAACCGC-1,-3.8283892,-5.1702766
CGGGCCTTCTTTGTAA-1,4.471682,3.0335104
CGGGTGTACCCATTTA-1,-9.311162,5.9272614
CGGGTTTGTTAGGGCT-1,5.0173016,1.1926388
CGGTACTAGAATCAAA-1,-2.833845,-1.9618489
CGGTAGAGGTGCAGGT-1,-8.373541,4.4196906
CGGTCAAGTGGGAACC-1,-7.0729384,4.9214234
CGGTCCATGAGACTCC-1,-6.2808695,1.5967354
CGGTCTATCAACCCGT-1,-6.4387183,0.18076596
CGGTGCAGATAGAACG-1,5.4266276,7.7570148
CGGTGCGCGTTGGTCC-1,6.1011643,8.451175
CGGTGGGCTCCAGCCT-1,-7.822136,2.902936
CGGTTATCCAACAGTG-1,-11.112658,6.8104424
CGGTTCAAGTAGGTGT-1,-8.143074,4.6893873
CGTACCTGATAGGCCT-1,5.7541947,-3.2522194
CGTAGAGAGTAATTAT-1,7.0964184,5.2258673
CGTATCTAGAACTAAG-1,-0.14425963,0.8958026
CGTATTAAGAGATCTA-1,-4.0745444,-5.7239947
CGTCACGTCCATTGGT-1,3.5643125,5.369878
CGTCGCATGTGAGCCA-1,4.4348793,7.7756095
CGTCGGATAGTGTTGA-1,-10.280913,6.728502
CGTCGTCCTTCGCGAA-1,5.664063,2.1603265
CGTCTGGAAGGGCCCG-1,5.7149463,-4.893238
CGTGAAGTTAATTCAC-1,-2.6720328,-3.5577111
CGTGACATTGGGTCGT-1,-7.437117,0.43118986
CGTGACCAGTCCTCTG-1,6.9817514,6.351893
CGTGCAGACTGGGACA-1,-3.8013802,-5.071486
CGTGCATTGTCGACGC-1,7.091286,6.9069247
CGTGCCCTCCCGAAGA-1,-1.5811592,-0.88863105
CGTGGAAGCCTCGTAC-1,-4.612014,0.9767089
CGTGGCCGAATATCTA-1,-4.7238398,-1.110478
CGTGTATGGGAGCTGA-1,1.190683,-0.3912349
CGTGTCCCATTCGCGA-1,4.9686832,5.2824755
CGTGTGTTAAACCCTG-1,-5.099653,0.23257771
CGTTAAACTAGTTAGG-1,-4.9863853,1.3687027
CGTTAATGTCCCGACG-1,5.1541715,1.0671736
CGTTCAGACCCGCGAA-1,7.642103,6.644561
CGTTCTTCGCACACCT-1,-7.8806195,4.3259144
CGTTGAATACCGCGCT-1,4.9893494,2.5167687
CGTTGAGCGACCGTCG-1,-2.1845443,-1.5511552
CGTTGTAAGATTGATT-1,-8.448039,5.5428953
CGTTGTCGGCAATTGA-1,6.1230927,7.816729
CGTTGTTTCAATTCCC-1,3.4057257,5.9837227
CGTTTACAAGGCAGCT-1,-7.7045646,2.602321
CGTTTCACTTCGGGCG-1,-7.2812815,2.1395736
CGTTTCGCTCATTACA-1,4.6796975,3.4137747
CGTTTGGTGTTGTGGG-1,5.7497587,1.9302062
CGTTTGTGTAGAGGGT-1,7.0689178,6.651187
CTAAAGAATGCCTACT-1,6.5764227,8.090874
CTAAAGGGAAATAGGA-1,-0.8447565,-5.771872
CTAAATCCTATTCCGG-1,-8.30721,4.6615634
CTAACCGCGCGCCCGT-1,5.5582705,8.191488
CTAACGAAACTTGCTG-1,-9.607139,5.6107316
CTAACTGATAATCGCC-1,-0.468997,-2.4524615
CTAACTGGTCCGGTTC-1,7.5132008,7.0341487
CTAAGGGAATGATTGG-1,-1.3274906,-5.2685957
CTAATTCGCACGCGCT-1,4.169246,5.8025203
CTAATTCTCAGATATT-1,-9.253651,5.9014044
CTAATTTCAACAACAC-1,7.6085877,6.175065
CTACACTCGCAGATGG-1,-0.03778634,-5.707632
CTACCCTAAGGTCATA-1,-9.198915,5.820535
CTACGCACGGAGTACC-1,-4.3030972,-6.0341935
CTACTATCTTTCAGAG-1,-9.853234,5.098674
CTACTCTAGGCCCGGC-1,7.784931,6.5347114
CTACTGCCACCTGACC-1,0.6552025,0.52359504
CTAGATGTGAGTGTAA-1,-10.415496,6.8060503
CTAGATTTACGACGGC-1,-0.68547297,-5.986571
CTAGCATAGTATAATG-1,-3.0718062,-3.46311
CTAGCCACAGGCGAGC-1,-2.0417597,-2.768702
CTAGCCGATGTTATGA-1,-8.195401,5.6000824
CTAGGCGCCCTATCAG-1,0.6869565,-1.178558
CTAGGTCTGAAGGAAT-1,-10.696732,6.4121113
CTAGGTTCGGACGTGA-1,4.4040484,2.8222103
CTAGTAGAAAGGGATT-1,2.463567,1.0472205
CTAGTCACGTCTTAAG-1,-2.7275934,-3.3072913
CTAGTGAAGGACAGGA-1,3.369579,5.626123
CTAGTTACAACCCGGT-1,5.0914655,3.0471106
CTAGTTGGGCCCGGTA-1,5.380669,-4.6097584
CTATAAGAGCCAATCG-1,-10.509663,5.288368
CTATCGACGAAATACA-1,-0.64597136,-3.8656967
CTATCGCGTAGAGAAC-1,5.0350356,1.261466
CTATCGGGTCTCAACA-1,-2.6136744,-3.1469808
CTATGCCCGAATGCAA-1,6.25235,6.8968654
CTATGGGAAGCGGAAT-1,0.04158371,-5.109983
CTATGTCACTAGCCCA-1,5.0581465,-4.387087
CTATTCATGTGTCCCA-1,4.9635215,4.5202
CTATTTGGTTACGGAT-1,-3.8718672,-0.5818098
CTCAACTAACCCGGAT-1,5.792068,2.5757031
CTCACATTTACTAAAT-1,5.361778,7.175879
CTCACTGTGATACTTA-1,4.8648276,6.5263443
CTCACTTGGCTGGTAA-1,5.4857426,6.483383
CTCAGTCACGACAAAT-1,-9.780312,4.8428893
CTCATTGCTCTAACAA-1,5.2737885,4.433001
CTCATTTGATGGGCGG-1,-0.03714842,0.69941586
CTCCCAATGAGTCGCG-1,-4.504338,1.8793709
CTCCGCCCACATGAGG-1,5.6669555,8.5459
CTCCGGCCTAATATGC-1,5.52716,-4.7057033
CTCCTCCAGCTCACAC-1,0.9855654,2.4803693
CTCCTGTTCAAGGCAG-1,5.2855477,0.9982991
CTCCTTTACGCAAGTC-1,-9.318148,4.608752
CTCGAGGTCGAACAGT-1,5.1381025,-4.453352
CTCGATATTTGCGAGC-1,-9.691138,4.955945
CTCGCACCTATATAGT-1,5.719135,-3.9504616
CTCGCCGAATGTAGGG-1,2.6678143,3.0734613
CTCGGGATAACACCTA-1,-5.7434354,1.2188574
CTCGGTACCACTGCTC-1,-3.9624708,-1.0963452
CTCGGTCCGTAGCCTG-1,4.554808,2.7673757
CTCGTTTCTAATGTTT-1,-9.305424,5.7606783
CTCTAATGCATTGATC-1,-10.865413,5.0756125
CTCTAGCCCTCGGAAA-1,7.0946426,5.3428907
CTCTATTTGGCTGCAG-1,-0.53365934,-5.606003
CTCTCACAATCGATGA-1,-3.1136694,-2.2678537
CTCTGGACGCCTGGTG-1,0.22712982,0.34262064
CTCTGTTTGAGGATTC-1,5.2211056,-3.2024052
CTCTTCTATTGACTGG-1,-5.524668,-0.5193381
CTCTTGTCCCGCTTGG-1,1.373691,1.533633
CTGAAAGAGATCCGAC-1,0.777741,-0.40737474
CTGAATCCGAGACCTC-1,4.3224306,5.3028464
CTGAATTTATTGCCAG-1,-10.185722,5.026319
CTGACATAGAAATAGA-1,-4.416086,2.066947
CTGACTGCGCAGCTCG-1,-11.0416355,6.976642
CTGAGAAAGTTCGGCG-1,-4.297251,2.1365547
CTGCAAGCACGTTCCG-1,5.175048,0.8341227
CTGCACAACTACATAT-1,-1.0678852,-4.664
CTGCACCTAGTCCACA-1,-4.885768,-1.1786278
CTGCACCTGGAACCGC-1,2.7343957,5.611144
CTGCACTCCAGTACAG-1,4.885051,3.0209575
CTGCAGAGAATCAGAG-1,5.4205403,1.0902982
CTGCCAAGGTTGGAAG-1,0.62212545,-0.3058699
CTGCCATGCATCACAT-1,-1.9103063,-4.835084
CTGCCTCATATGCAAC-1,-4.7898808,0.38747045
CTGCCTTTCTAGTAAA-1,6.161521,1.9729382
CTGCGTTACGATATAA-1,-7.254568,2.0583382
CTGCTGAGGCCACGAA-1,6.945325,7.9805646
CTGCTGTCTAACGAGC-1,-4.3840957,2.101785
CTGCTTGGCGATAGCT-1,-0.5318007,-3.4862034
CTGCTTTATGTCCGCG-1,-8.020015,4.234732
CTGGAAATGGATGCTT-1,-1.9536968,-2.609234
CTGGAAGACACGGTGG-1,0.7533801,-4.104226
CTGGATTTACACTTGA-1,4.6210675,4.841591
CTGGCGACATAAGTCC-1,-7.5501614,0.39955983
CTGGCGCACAGGTCTG-1,-10.247947,7.274399
CTGGCTGATTCATCCT-1,-4.359937,-1.0728128
CTGGCTGGTTGTCAGT-1,2.4865148,4.7729115
CTGGGATAAATAATGG-1,-3.8893723,-1.0739931
CTGGGATACGCTACCC-1,-5.0411606,-1.1089228
CTGGGTAGGCAGTTAA-1,-0.635394,-0.7607729
CTGGTAAAGTGTGGGC-1,2.6733396,0.31648415
CTGGTAACACATAGAA-1,-5.9825463,-0.95136046
CTGGTAACGAGCTCTT-1,-7.834857,5.304619
CTGGTTTCGAGCAAGA-1,-3.14214,-0.8434722
CTGTACTTCTTAGCAT-1,4.726781,4.054894
CTGTAGCCATCTCACT-1,4.908459,7.9134073
CTGTATGGTGTAGAAA-1,4.2236996,3.4546788
CTGTCAAATGGCTCGG-1,-8.581679,4.23465
CTGTGCAGGGTAGGTC-1,-2.7191625,-4.012971
CTGTGGTCGGGAGATA-1,0.53830034,-2.3054435
CTGTTACCCAATCTAG-1,4.7334003,4.2770257
CTGTTCACTGCCTGTG-1,1.2441158,-0.7180361
CTGTTCATCTCACGGG-1,6.3815126,5.5296845
CTTACACGGTATTCCA-1,4.9696193,4.204559
CTTACACTGGGAAATA-1,2.3824558,4.7003546
CTTAGCCTTCCACATG-1,-7.142911,4.304312
CTTAGTAGGCCTACAG-1,-10.300057,7.09155
CTTAGTGTAGTAGCAT-1,4.7452984,1.7527672
CTTATAGATGGCTGTT-1,5.143236,1.1530092
CTTCAACTCCACTTGG-1,3.7211676,1.0377505
CTTCATAGCTCAAGAA-1,-0.1459585,0.81026196
CTTCATTGTCAGTGGA-1,-4.372083,-6.114206
CTTCCGCTCCGTGAAG-1,4.793212,9.100653
CTTCGATTGCGCAAGC-1,5.069194,1.7836608
CTTCGGCCAATTGTTT-1,-4.3001657,1.8601942
CTTCGTAGATAGGTGA-1,4.1525617,5.761547
CTTCTATTAATGCTAG-1,4.7828026,8.101245
CTTCTTACGTCGTATA-1,-2.3493545,-2.945183
CTTGAGTTAGGGTAAT-1,-10.580663,6.5147095
CTTGCCCAGGCTCTAC-1,4.479232,3.902266
CTTGGCCAAGCTGGGA-1,5.9324675,8.317391
CTTGTACTTGTTGACT-1,-3.0776112,-3.134766
CTTGTCAACATTCGAG-1,3.5085814,2.4960368
CTTGTGCTCACCGATT-1,-8.668101,4.324511
CTTGTTGCTGAGTCAA-1,-5.00461,-0.53837514
CTTTAACTTTCAAAGG-1,5.7022123,-3.3998249
CTTTAATATTGGTCGA-1,-1.169288,-4.9303246
CTTTACCGAATAGTAG-1,0.3154927,-3.2419665
CTTTAGGAACACTGTT-1,-5.7151327,-0.7388848
CTTTAGTGCTATTATT-1,-0.1536412,-5.339752
CTTTCTGTGCGGGCTT-1,5.56802,3.1901329
CTTTGCATCGCTCTTG-1,4.715743,0.53660727
CTTTGGCTTTAGTAAA-1,2.8341868,5.676795
GAAACAGATGACCACC-1,-6.3040023,-1.1056904
GAAACCATGGTGCGCT-1,-9.07264,6.6587825
GAAACCGAATTACCTT-1,4.131056,5.5637817
GAAACCTATACAAATG-1,6.0735683,7.841458
GAAACTCGTGCGATGC-1,7.0216684,6.077592
GAAAGAACAGCGTTAT-1,-10.810519,6.721696
GAAAGCAGTGCACTTT-1,4.6215734,8.096331
GAAAGTGACTAACTGC-1,6.6452703,7.1289945
GAAATATGCTTGAATG-1,-7.911988,3.7076304
GAAATCGCGCGCAACT-1,0.5818041,-0.0904276
GAAATGGCGGTGTTAG-1,-3.1403542,-2.937394
GAAATTAGCACGGATA-1,-8.4716835,3.8267436
GAAATTGTCTCTATAA-1,4.4704647,4.46377
GAACAACTGGGATGAA-1,6.763057,5.7873783
GAACACACATCAACCA-1,-3.089486,-2.8886836
GAACAGATTACTAAAT-1,4.9220257,4.5649443
GAACCCTCTGTGTTCT-1,2.7688024,3.500935
GAACCTTTAACGATCC-1,2.611433,1.9282
GAACGACCGAATGATA-1,0.17967716,0.91486037
GAACGCGGGTCACACG-1,-4.7932453,0.9950376
GAACGTCTCATGGTCG-1,-10.027201,5.8322935
GAAGCCACTGATTATG-1,5.5299296,7.3293242
GAAGCCTGCACATTCC-1,4.6969166,8.104845
GAAGCGTGAGGAATTT-1,-4.121703,-5.8301387
GAAGCTTGCTGACCGC-1,3.7514749,5.787363
GAAGGCTACCATTGTT-1,-6.1531367,0.5191354
GAAGTCAGTTGCACTA-1,2.9634717,4.363329
GAAGTCTCCCTAGCGA-1,-10.882198,6.7101235
GAAGTGATTTATCGTG-1,4.023684,6.0840034
GAAGTGCTGGATAGCT-1,-2.2170656,-2.5375001
GAAGTTTCCACTCAAT-1,4.7863994,4.802627
GAATAGACGCGACCCA-1,-4.0131736,-0.9125134
GAATAGCATTTAGGGT-1,-5.1289334,1.5835388
GAATAGCCCTGCGGTC-1,-8.7244835,3.856724
GAATCGACATGGTCAC-1,5.1041064,3.7117155
GAATCTGAACATTCTC-1,-1.4787792,-5.5503225
GAATGAAGGTCTTCAG-1,-6.7553444,2.0590916
GAATGCGAATCGGTTC-1,5.0738025,8.1357565
GAATGTATGGCAGGTC-1,-7.291505,2.2168045
GAATGTGGTCCGGATT-1,-1.5993441,-0.71581197
GAATGTTGGGTAATCT-1,5.674407,-4.2386746
GAATTATAGTGAAAGG-1,-2.5569274,-2.699087
GAATTCACCCGGGTGT-1,5.1550307,4.880376
GAATTTCTCGCTGCAG-1,5.4021745,8.001445
GACAAACATATGCAGG-1,-3.9803243,-1.6260375
GACAACGACCATTGAA-1,-9.397295,3.8698523
GACAACGCAGCTTACG-1,-3.0861552,-2.4306629
GACAAGAGATGAGATT-1,5.741472,1.695176
GACACAAGGGAAGAAA-1,-10.48399,5.16681
GACACTGAGTTCAGTG-1,3.2202146,6.0398927
GACACTGGAACCCGAT-1,0.7037112,-4.7924337
GACAGCCAGACCTGAC-1,-6.498008,-0.91927594
GACATCCGTCGAACTG-1,4.7783427,7.4667673
GACATCGATTTATAAC-1,5.2344475,7.371408
GACCAAACGTTGACTG-1,-1.8337356,-1.0151204
GACCAGAGCCCTGTAG-1,4.513506,3.169211
GACCGACGTGAAAGCA-1,-5.3631563,-0.71433944
GACCGCGTCTGACGTG-1,-4.2201614,2.186772
GACCGTGCTGACGGTG-1,4.143482,3.8753865
GACCTTCCACGTCTAC-1,4.947332,7.55203
GACGACGATCCGCGTT-1,-2.0072157,-2.7984288
GACGAGGCTAATAAAC-1,-0.32347703,-6.011159
GACGCCGTAAAGGCTA-1,3.321896,5.8948183
GACGCTTGCTTCTAAA-1,5.442068,8.145152
GACGGGTTGGCCCGTA-1,6.4357724,6.235086
GACGGTCAATAGAAGC-1,-10.339662,7.2036314
GACGTGTAGGGATTAT-1,1.2536207,-0.25649306
GACGTTCGTAAATACA-1,-8.010068,2.806303
GACTAAGATCATGCAC-1,-0.21503241,0.8565024
GACTAAGTAGGCTCAC-1,5.434987,3.8472831
GACTAGGCCGTTAGGT-1,5.318719,7.591953
GACTCACCCACGTGAG-1,-6.3919587,-0.97750455
GACTCCCAGAATAAGG-1,-9.8912115,5.1903915
GACTCGCGGGAATGAC-1,-9.336335,6.269973
GACTGCAAATCGAGCT-1,5.127017,4.2521906
GACTGCACCAGCCCAG-1,-1.6810855,-0.73207706
GAGAACGGTTCTGACT-1,1.2802588,-0.064739496
GAGACTGATGGGTAGA-1,4.7780986,-4.237997
GAGACTTCGCGACCGA-1,3.1869652,3.8615437
GAGAGGCCTATGTGTA-1,1.6573415,0.41920233
GAGAGGGCGCGAGGTT-1,3.0818174,3.8222075
GAGATCTGCTTGGCAT-1,4.8414574,4.707918
GAGATCTGTCACTCCG-1,-9.69747,6.6375566
GAGATCTTCCATGACA-1,-1.7408282,-0.97002584
GAGATGACAATCCTTA-1,-4.7902594,-0.7041956
GAGATGGGAGTCGACA-1,-1.4217542,-4.76887
GAGCACCTGTGTCCAG-1,5.5287266,2.3102772
GAGCCAGCTACCTGTG-1,0.286487,-2.8747091
GAGCGAGGGAGTACCG-1,0.065834366,-0.5341775
GAGCGCAAATACTCCG-1,0.7062817,-5.4905167
GAGCGCGCACGAGTAG-1,-6.3239117,-0.6485895
GAGCTAAGGGCATATC-1,-7.4402275,5.2924004
GAGCTGTCGTCTCGGA-1,-7.4308977,4.9498177
GAGGAATGGAGAGGTT-1,5.601661,7.288755
GAGGATAAACAGTGCT-1,-3.5293684,-1.0996233
GAGGCCTGTTGATACA-1,2.1215918,0.088332534
GAGGCTATCAAAGTCG-1,7.4366913,6.3030877
GAGGGCCATAATATTA-1,-6.9391932,1.6599326
GAGGGCGCAGCTCTGC-1,-8.4140835,5.0711107
GAGGTACGCGTGTCCC-1,6.2701936,5.625827
GAGTAAACCGGAAAGT-1,-4.3431983,2.06969
GAGTAGATACTAGTTG-1,4.1717587,7.7152133
GAGTATCAAAGTTACA-1,5.718197,1.3456905
GAGTATGCCCGCCTTG-1,5.4110665,8.92882
GAGTATGCGCGTGCAT-1,6.073486,7.047342
GAGTCAGACCAGAATC-1,4.7596374,8.12694
GAGTCCGCTTACCGGA-1,5.023147,4.9186754
GAGTGTCAACCAGAAA-1,2.6037369,0.84707403
GAGTGTGCGGTACCCA-1,-2.3173056,-2.6343777
GATAACTCGCACTGTG-1,-9.189114,6.880616
GATACGATGGGAGTCA-1,3.5031915,6.3624425
GATAGGTAACGTTGAC-1,5.017511,4.368543
GATATGAGACACTAAC-1,-3.9736059,-1.2107967
GATATGCGGTAGCCAA-1,-7.3714128,2.149795
GATATTGAGATTGGCG-1,-11.046885,6.71938
GATATTTCCTACATGG-1,-6.545848,0.6850351
GATCATTCCAAACATT-1,0.9358986,1.8517221
GATCCCTTTATACTGC-1,0.3586263,-0.24048527
GATCCGGGAATTAACA-1,-3.128972,-2.61165
GATCCTAAATCGGGAC-1,-9.95806,5.2270846
GATCGACACTATCTGA-1,3.72826,2.6978626
GATCGCGGGCTCTCCA-1,-2.187591,-3.1113667
GATCGCTACCCGATTT-1,-6.224978,0.44463342
GATCGGTGGCCATAAC-1,5.5490627,-4.6537604
GATCGTGACTGATATC-1,-3.24678,-2.6308918
GATCTCGACGCTGTGG-1,-4.462281,1.9705476
GATCTGCTATCTAAGG-1,6.822516,7.7135706
GATCTTGGAGGGCATA-1,-0.20589061,-5.466205
GATCTTTGCAGGGTAT-1,4.1994667,6.0575423
GATGACGATGATCGCG-1,-8.886565,3.5651462
GATGAGGAACCTTCGG-1,6.6681952,5.991251
GATGCGTCCTGCATTC-1,-3.4831483,-4.313283
GATGCTACAAGCGCCT-1,3.4406505,4.261923
GATGCTGTATTTCATC-1,-2.6429033,-3.9622
GATGTTCAATCCACGA-1,3.252617,6.032709
GATTAACCGAAAGCCC-1,0.03564153,-4.2834764
GATTACTGAATTTGGG-1,6.362863,7.9760475
GATTCCCTTGTCGCAG-1,5.5927896,-3.2369177
GATTCCGCGTTTCCGT-1,-7.4829745,0.4539994
GATTCCTATACGGCGC-1,0.8826067,1.3557767
GATTCGACGGTTCACG-1,-3.7007744,-5.395256
GATTGGGAAAGGTTGT-1,5.167683,7.230678
GCAAACCCTACATTAT-1,0.11796948,-5.5634584
GCAAACCTTGGCCATA-1,4.928342,4.1389565
GCAAACGTCGCCAGGT-1,-4.5050054,1.9672496
GCAAATATTACGCTTT-1,3.5430725,5.7134514
GCAACAGCAGTATGCG-1,-5.818153,1.1294428
GCAACGGCTAGTTATG-1,-4.1854067,-1.2216547
GCAAGAATTCCTTGGC-1,5.981439,7.6982718
GCAAGTGCACAGAGAA-1,5.1650705,2.691597
GCACAAACGAGGCGTG-1,-4.7897544,1.8540412
GCACACACTGGTAGCC-1,-0.95893645,-5.3073773
GCACGCCTACTTAGAT-1,1.0145228,2.5075924
GCACGTGGTTTACTTA-1,2.5200324,0.4613072
GCACTGCCTACCTTTA-1,7.439006,7.0798397
GCAGACCCAGCACGTA-1,-5.7996855,-1.1287105
GCAGATCCATAAGACT-1,-0.060468417,-4.999425
GCAGATTAGGGATATC-1,-4.400363,-6.150517
GCAGCACACAGCCCAG-1,3.4371748,6.2451296
GCAGCCTATATCACAT-1,-1.8372343,-0.504315
GCAGGACTATAGAATA-1,4.442532,5.73315
GCAGGTAGAGTATGGT-1,-8.294212,2.8249626
GCAGTGTGGCTATAGG-1,3.2459044,0.71720636
GCAGTTCGATCCGAGC-1,5.65403,1.3429577
GCATAGAGCACTCAGG-1,-4.372339,-6.109814
GCATCCCTAACTTTGA-1,2.0418036,3.2823071
GCATCGGCCGTGTAGG-1,0.16629533,-0.8521968
GCATGAGGGACGCGGC-1,-10.333678,5.257221
GCATGCTAATAACGAT-1,5.8591805,2.140115
GCATTCAAGGCAACGC-1,-8.64752,6.0893908
GCATTTCCAAGGCTCC-1,-4.7057753,-1.3595428
GCCAACCATTTCCGGA-1,-9.461859,6.325322
GCCAATAGGGCATCTC-1,-10.284292,5.1986856
GCCACAATTTAAGGAC-1,5.446606,8.976541
GCCACTCAGAGCGCGA-1,4.6760798,0.6077939
GCCACTCCTTACGGTA-1,5.881606,1.5472909
GCCAGGAGTAACCGAT-1,-8.309906,3.9452696
GCCATATTGCACACAG-1,-9.466061,3.9047627
GCCATCGAGCTGCGTG-1,4.3772335,7.9922576
GCCATCGATGCTGCAT-1,-7.7949643,5.4152775
GCCCAGATGCTGGAGA-1,-4.3347626,-0.9881236
GCCCAGTTGGTATGCC-1,5.4648843,4.314778
GCCCGATCTGTGGTCG-1,4.7243567,4.3450704
GCCCGCGCGTAAACGG-1,5.2982035,8.7975025
GCCCGCGCGTTTGACA-1,5.0175805,4.1393695
GCCCGTAATACCTTCT-1,-10.942232,6.298887
GCCCTGAGGATGGGCT-1,6.341153,5.447304
GCCGAAATTCCTACGT-1,3.750681,4.4428754
GCCGATTGGCCAAGCT-1,-1.1114569,-5.7734084
GCCGCACTCCGTTTCA-1,-4.83642,-0.18253046
GCCGCTTGTGAGAAAC-1,3.3796604,6.1881514
GCCGGGTTAGGGTCGC-1,-2.4501972,-3.2886038
GCCGTGGAAGAAATGT-1,-3.5658274,-1.0742645
GCCTACGTTCTGTGCA-1,7.8600245,6.030664
GCCTAGCGATCTGACC-1,3.926479,3.9087727
GCCTATAGTGTCAGGG-1,-8.886659,6.1557755
GCCTATGCTGGGCCTT-1,-7.6863403,2.4223719
GCCTATTCCGATATAG-1,6.286832,5.644414
GCCTCATCTGGAAATA-1,-6.245571,-1.0894219
GCCTCCGACAATTCAC-1,5.3180876,1.5295141
GCCTCTATACATAGCA-1,-0.3090177,-2.1067665
GCCTTCAGCCCTACCG-1,2.5268772,5.1662183
GCGAAACGATCGGGAG-1,0.2374362,-3.565671
GCGAAACTTAACTGGA-1,-2.3948836,-1.4162978
GCGAAGAATCTGACGG-1,6.1172395,6.695519
GCGAAGCCATACCCGT-1,5.7031116,-4.5011115
GCGACATGTAAACATC-1,-5.9793997,-0.023106953
GCGACGATAGTTGTAC-1,4.517412,4.8901024
GCGAGAGGCCATGTAA-1,-8.244221,3.076908
GCGAGAGTTGCGTCCA-1,-8.47135,5.7837224
GCGAGCGCATGCTCCC-1,-3.8606818,-1.3334647
GCGAGGCCCGAGCAGA-1,5.0528765,4.9146323
GCGAGTTCTGCAAAGA-1,-3.8742797,-5.298891
GCGATTGTTAACGTTA-1,-6.211523,-1.0266836
GCGCAAGAGCGCGCTG-1,-5.8268895,-1.154924
GCGCATCCAGTCAGCA-1,-9.815901,5.8763747
GCGCCGTTCCACGATA-1,-1.1842331,-5.800071
GCGCCTCCCACTCCGA-1,-4.4747624,2.0387952
GCGCGTCATTGGTACA-1,-0.9350346,-3.098352
GCGCTAATTGAATAGA-1,-2.4817336,-1.9690852
GCGCTATGCCGAGGCA-1,3.1884859,4.8886657
GCGCTGATCCAGACTC-1,-5.9014244,1.1675254
GCGCTGCTTTGCATTT-1,-9.189931,6.001427
GCGCTTAAATAATTGG-1,0.35042366,-2.731472
GCGGACCGCGTTGTGG-1,5.275626,8.48616
GCGGAGAGGGAGAACG-1,-0.5438886,-0.7470639
GCGGCTCTGACGTACC-1,6.2957416,7.4428473
GCGGGAACCAGGCCCT-1,4.690059,3.39221
GCGGGCATTACGATGC-1,-4.895014,0.68717724
GCGGGCGAGCCTTACC-1,4.832233,8.969656
GCGGTCCCGGTGAAGG-1,-7.102013,2.212495
GCGGTGAACTGCGCTC-1,-8.860105,4.11329
GCGGTTCCCTATCATG-1,3.3000646,4.811079
GCGTAAATGGCCATAA-1,-9.571649,6.8116775
GCGTCGAAATGTCGGT-1,0.32175386,0.6240093
GCGTCGCCAGGGTGAT-1,4.572797,6.098912
GCGTCTCTGCATTGGG-1,3.0277455,6.0099874
GCGTGGTACTGGGTTA-1,-8.345582,6.2194934
GCGTTCGGAGACCGGG-1,-9.693035,5.077158
GCTAAACCTGAGGTGA-1,6.4085,5.566301
GCTAACTGAAGTCTGA-1,0.3068336,-2.5779703
GCTAAGTAGTTTCTCT-1,-8.244402,5.792968
GCTAATACCGAATGCC-1,-2.8706431,-3.5267532
GCTACAATCGAGGATA-1,3.2415864,0.57090193
GCTACGACTTATTGGG-1,-0.86646837,-5.5312514
GCTACTATAGTAGAGT-1,-1.030329,-4.5387526
GCTAGACCGTCTACTG-1,-5.000442,-0.5981382
GCTAGAGTAGAGATGT-1,-0.111539945,-4.736069
GCTAGCACCTGGGCCA-1,-1.8328681,-0.42701593
GCTAGCAGGGAGTGGG-1,-7.9087863,2.9683323
GCTAGCTTGAATAGCT-1,5.235127,9.073047
GCTAGGCACCACGGAG-1,-1.309183,-2.6703026
GCTAGTAGAGCTTGTA-1,-4.2979407,-5.988037
GCTAGTTTCATTGAGG-1,1.6037055,0.8167297
GCTATACGTCTCGGAC-1,0.2368867,-3.6104217
GCTATCATACTCATGG-1,-0.58828115,-4.902747
GCTATCGCGGCGCAAC-1,0.7947483,1.054626
GCTCAATGTAATACCG-1,6.113087,8.139992
GCTCCCAGTCGGTCCA-1,-4.7508564,-0.44604707
GCTCCGCTCGCTTCAG-1,-2.8012364,-0.04388129
GCTCGCTCATGTCCAA-1,-2.3048089,-1.2110804
GCTCGGAATTTAAAGC-1,-8.117571,3.8516262
GCTCTAAACCCTGACG-1,4.8114395,-4.332819
GCTCTATGTTACGTGC-1,4.8937006,3.907407
GCTCTCGGGTACCGAA-1,4.8823905,-4.3527412
GCTGAACTCTCCAGGG-1,-1.6738958,-0.6345216
GCTGAGGCGTGAGTAT-1,-2.244233,-4.435793
GCTGCACGGTTTCTTA-1,-3.639493,-5.4637957
GCTGCTAAGTAGTCGA-1,5.294059,7.2165666
GCTGCTACTGCGTAGC-1,-0.7835698,-5.158425
GCTGCTCTCCGGACAC-1,5.278492,-4.3378487
GCTGGCATATTCACCT-1,5.577716,7.9486246
GCTGGCGGCGCATGCT-1,5.1851764,4.7556977
GCTGTATTACTGGCCC-1,5.156551,9.132215
GCTGTTGCTACCGAAC-1,-8.436416,6.2817574
GCTTAATGTAACTAAC-1,-4.5912757,-0.9813941
GCTTACGTAGTTAGTA-1,-3.7290885,-0.30079266
GCTTATGAAGCAGGAA-1,-11.045761,6.743194
GCTTCCGTCCCTAGAC-1,-11.233606,6.125465
GCTTGATGATAATCAG-1,5.2425003,4.4940705
GCTTGCAGCACAATTG-1,-6.768913,2.0314777
GCTTGGATCGATTAGG-1,-11.023921,6.841206
GCTTTCAGAGGAGGTG-1,-10.113416,7.2050476
GGAAACCTTGTTGAAT-1,-10.830851,6.017333
GGAAACTAAATGGGCC-1,5.874932,1.6403182
GGAAAGTGCCCATGCC-1,-7.7701545,4.020341
GGAACCGTGTAAATTG-1,6.0844893,7.6906
GGAACTTTGGCGATTA-1,2.963114,0.6102025
GGAATGCGCTAGCGTG-1,-10.759016,5.652089
GGACACAAGTTTACAC-1,-4.3211675,2.1245337
GGACCAACAGGATAAC-1,3.6937263,2.6215625
GGACCTACGGTAACGT-1,-8.684929,3.0216792
GGACTCACAAATTAGG-1,-4.651359,1.9098343
GGACTCTTCCGGTTGA-1,4.631287,0.6625537
GGAGAAGTCATTGGCA-1,5.056068,3.3455145
GGAGACCAATGTGCTT-1,-7.6113467,2.2863307
GGAGACGACACCTTTG-1,-1.2735056,-4.9431567
GGAGCAACATTTCAAG-1,-0.18916875,-5.9510913
GGAGCACCAAGAACTA-1,-7.5135865,4.8871136
GGAGCGAGGCCTACTT-1,6.715009,6.4231853
GGAGGCCGAAGTCGTC-1,-5.503454,-1.045509
GGAGGGCTTGGTTGGC-1,-8.570504,5.7667656
GGAGGGTCAAGTAAGA-1,4.0558214,0.8566092
GGAGTGCCGCCCTGGA-1,-1.5204155,-0.8527906
GGATCATCCCGTACGC-1,-9.188893,3.3576465
GGATCCGGAATATACT-1,-7.8655715,5.6258383
GGATGAAGATCGCTGA-1,-1.7150857,-0.6488315
GGATGACGCGAGTTTA-1,4.2260613,5.2412343
GGATGGCTTGAAGTAT-1,0.91153324,-0.41863996
GGATGTCCTTACCGCA-1,-11.260899,6.7339892
GGATTCAGTACGGTGG-1,2.770711,5.430555
GGATTCCGCTATACCC-1,-6.8586564,0.771649
GGATTGCTGTGACTCC-1,4.09718,0.8609673
GGATTTCACTTCTATA-1,-8.179988,5.3026376
GGCAAATTACTTTACT-1,5.2233157,3.765311
GGCAAGGCGAAATAGC-1,-1.1368747,-5.54444
GGCAATAGTCAATGAG-1,-3.1412606,-2.5742269
GGCACTCAGCCGACCC-1,5.623403,1.3273195
GGCACTCCACTGGGCA-1,4.9223948,4.7997327
GGCAGCAAACCTATGC-1,0.23868045,-5.8354206
GGCAGCGGTAATCCTA-1,-7.400442,2.1520627
GGCATACAGGTAGCGG-1,5.5822167,7.6496572
GGCATATCGGTTCTGC-1,-7.204863,0.53756076
GGCCCGGAGCATGTCT-1,-3.694725,-0.7101334
GGCCCGTATACCATGC-1,-6.594391,1.5169358
GGCCGGCGTCTGCTAT-1,5.6794395,7.2869644
GGCCGTTTGGGTTTCA-1,1.1069555,1.4782457
GGCCTGCTTCTCCCGA-1,4.23895,2.8426564
GGCGCAGGACATCTTC-1,6.263221,5.8082232
GGCGCATGAATTGATG-1,3.9888332,4.2369595
GGCGCGGAGATCTTTC-1,-0.9607662,-2.1213675
GGCGCGTTCGAGTTTA-1,5.183918,2.824012
GGCGCTTCATTCCCTG-1,6.8508143,6.292904
GGCGGAGTAATATTAG-1,4.7782164,4.4245515
GGCGGTAGGATCATTG-1,-2.0582721,-1.4157736
GGCGTAGGGAAAGCTG-1,2.5221655,1.3219318
GGCGTCCTATCCGCTG-1,6.619354,7.3082123
GGCTAAAGGGCGGGTC-1,-9.476419,3.6788824
GGCTATTAAGTTGTAT-1,3.3862147,3.983758
GGCTCGCGTTGAGGTA-1,-10.584567,7.068107
GGCTCGTGCCACCAGC-1,-1.7587082,-2.1398458
GGCTCTGCTCCAACGC-1,5.699782,-3.350517
GGCTGAAATAGCAAAG-1,0.018978203,-5.203763
GGCTTTCAATAAGGGT-1,4.9863424,7.417988
GGGAACGGGAGGTTAG-1,6.508477,7.9946165
GGGAAGACGGTCTGTC-1,2.6454573,1.9022235
GGGAAGGGCTTTCTCA-1,5.0286164,1.2480568
GGGAATGAGCCCTCAC-1,-8.334086,5.186585
GGGACCCGTATATCTT-1,4.0867105,7.7691574
GGGACTGCATAGATAG-1,-0.4079554,0.42141175
GGGAGAACTCACAGTA-1,-1.868422,-1.469166
GGGAGCGACCGTAGTG-1,7.168796,5.6883206
GGGAGGATGCCCGAAA-1,4.761947,3.5525434
GGGAGTTAATGAGGCG-1,-10.969134,5.5835476
GGGATCCCAATACAAA-1,-6.980037,1.7139167
GGGATGGTCGTAACCG-1,5.4419985,9.011744
GGGATTTACCGCACCT-1,-5.7582893,-0.89080215
GGGCAGAGCAATCGTT-1,2.4716768,4.081155
GGGCAGTCAACGCCAA-1,1.1687294,0.56784916
GGGCCCGTCTTAAACA-1,4.604568,4.1486077
GGGCCGGCCGAAGTAC-1,-8.285583,5.402623
GGGCGATATGTGTGAA-1,4.8342433,-4.253222
GGGCGCAGCGTTACTC-1,-1.7909098,-0.20490204
GGGCGGCAAATGAATT-1,5.271928,9.091839
GGGCGGGTTCCCTACG-1,5.5950913,7.7133756
GGGCGTACATTTATAT-1,1.4333708,-0.71491873
GGGCGTCACCACGTAA-1,3.4352584,4.9730406
GGGCGTCCACTGGCTC-1,-7.522718,0.4621561
GGGCGTGGTTTCCCAG-1,4.6620445,1.952063
GGGCTATGATCGATGG-1,4.2220535,7.837342
GGGCTCATCGAACCCA-1,-7.9830356,4.4439034
GGGCTGCCTAGGGCGA-1,-2.9973009,-2.3567894
GGGCTGGTTAGTCGCG-1,-3.1765568,-3.8538074
GGGTACTTCATGAACT-1,4.033613,5.934776
GGGTATGTATGCACTT-1,7.0366,7.2752323
GGGTCACCGTGACGGT-1,4.005219,3.6853757
GGGTCGTGGCAAGTGT-1,-10.444528,5.169943
GGGTCTATCGCTTTCC-1,5.203109,1.060032
GGGTGACACCTTAACT-1,4.017446,4.1753035
GGGTGCATATGAAAGC-1,-3.7250912,-1.7143937
GGGTGTTTCAGCTATG-1,0.43578932,-0.063753545
GGGTTAACATTTGAGT-1,5.3186665,8.992293
GGGTTTAGGATAGGAT-1,-2.03356,-0.2996547
GGTAAACTCTGCGCTG-1,4.9507546,1.6565819
GGTACAAACATGCTAT-1,4.14063,3.041787
GGTACACCAGATTTAT-1,-2.1942754,0.038505025
GGTACCATTAAGACGG-1,-10.798071,7.0540433
GGTACGTTGCGGCCGG-1,6.160179,2.1987605
GGTAGAAGACCGCCTG-1,-2.1603496,-2.9905257
GGTAGACCGTTGGGCG-1,2.476545,3.403272
GGTAGTGCTCGCACCA-1,-3.6410964,-1.8362919
GGTATAGTGACACATA-1,-2.777796,-0.21934849
GGTATTGCCGAGTTTA-1,-3.5450175,-4.2118306
GGTCAAGACTACTTCG-1,0.067929745,-5.4516373
GGTCAGTGGGTCCCAC-1,4.75061,2.985142
GGTCGGATAAACGGCG-1,-9.695305,4.4941497
GGTCGGCCAGGAGCTT-1,-9.219867,6.57816
GGTCGGTCGTCCACAG-1,4.661267,8.117676
GGTCTCCGTCCAGGTT-1,2.241582,0.23868385
GGTCTGAGAATCTGGA-1,-7.8868976,5.9054666
GGTCTTGAGCGCTCTT-1,7.4425764,6.83301
GGTGAAGTACAGGGAT-1,5.886288,8.574677
GGTGATAAGGAGCAGT-1,-6.4138565,-0.9380419
GGTGCGGATAAGTGGC-1,2.5064511,5.0719376
GGTGCTGGTACACATT-1,2.9207242,5.5390067
GGTGGACTGCTCTGGC-1,0.39471793,-3.0500815
GGTTACCCGACACTTT-1,-5.3805776,0.70519054
GGTTAGCTATATGTCT-1,-2.3203263,-0.19885808
GGTTAGGCTTGGAGAA-1,3.866727,5.558197
GGTTAGTTACGGCGCC-1,2.0229945,1.1756847
GGTTCTACTCGTCTGA-1,-5.575294,-0.7269968
GGTTTAATTGAGCAGG-1,-8.184247,2.9605396
GGTTTACAATCTCAAT-1,1.4852122,-0.9830326
GGTTTAGCCTTTCTTG-1,-5.9829106,-0.549861
GGTTTCAATCGGTCAG-1,-11.365378,6.661113
GGTTTGTGACCTGAGG-1,3.1998677,0.81137973
GTAACATCTAAGATAA-1,4.5940623,1.1907849
GTAAGCGGGCAGTCAG-1,0.017487159,0.9405456
GTAAGTAACAGTCTGG-1,-6.492132,-0.8267373
GTAAGTAGGGTATACC-1,3.4861662,6.149471
GTAAGTCCACACTCTA-1,-1.1015993,-0.43545267
GTAATAAAGGGCTCCC-1,-8.901849,6.60283
GTAATCTGATTCTTCG-1,5.540991,8.850106
GTACACTTACCTGAAG-1,-4.3476315,-6.039101
GTACAGAGGCAAGGGT-1,-3.7393095,-1.2810546
GTACGAGATTGCGACA-1,5.362108,-4.649216
GTACGCTTCATTGCAC-1,-1.805501,-4.205521
GTACGTTTGCCCGTCA-1,-1.2018043,-4.8168225
GTACTAAGATTTGGAG-1,4.3435664,2.006711
GTACTCCCTTATCGCT-1,7.6686416,6.3351936
GTACTCCTGGGTATGC-1,-9.272662,5.902182
GTACTGGAGTTAGACC-1,-7.441168,4.8980346
GTACTTGGGCACTTCT-1,0.8154219,2.0350313
GTAGACACGCCTGACT-1,4.6214423,7.9020476
GTAGCCAAACATGGGA-1,-0.95567244,-5.0002832
GTAGCGGCTATACACT-1,-3.8027587,-5.0223675
GTAGCTTCCTCTTGTT-1,-10.6391,5.914997
GTAGGTGATCCGTGTA-1,-7.459233,0.4802554
GTAGTCGCGGGAATCA-1,0.40075025,-2.6622639
GTAGTCTACGATATTG-1,2.702721,1.5687793
GTATAGGACTCAGTAG-1,5.4331813,-4.673919
GTATCAAACGTTAGCT-1,-0.044516638,-4.923236
GTATCAGCTTGGGTTC-1,3.5624058,4.5274315
GTATCCTTTGGTAACC-1,5.3903546,1.5057149
GTATCTTTCATAACCA-1,-1.0304275,-5.882045
GTATGTGGGTCTAGTT-1,-8.570309,5.9898643
GTATTAAGGCGTCTAA-1,7.684047,6.0842857
GTATTCTGAGAAACGA-1,6.0095935,8.446146
GTATTTAATGGCATAA-1,-4.9336896,1.6409494
GTCAACCAGGCCTATA-1,4.328187,1.4987165
GTCAAGCGGACTCGGG-1,-3.1585405,-2.5346713
GTCAATGCTATAATTT-1,-7.643616,2.4475358
GTCACTCTCCAAATCT-1,6.8013844,6.045638
GTCAGAATAGTCTATG-1,6.521871,8.097151
GTCATGCACCTCCGTT-1,4.130908,2.8991206
GTCATGCGCGAGGGCT-1,2.9743001,0.7494857
GTCATGGACATGACTA-1,0.4292662,0.47967583
GTCATTAGAGCGAACG-1,-3.2998765,-4.078899
GTCCATTACTGCTACG-1,-4.010716,-0.752092
GTCCCAACGTAAAGTA-1,-11.237764,5.4963803
GTCCCGCGACGTTATG-1,5.6133885,2.3066847
GTCCGGACCTGAAATT-1,0.30091304,-2.5793154
GTCCGGCTGAATTGCG-1,-2.4538662,-2.7622771
GTCCTACGAATAGTCT-1,-0.021525076,-5.287941
GTCGATAGGTGACTTT-1,-4.459912,2.1034446
GTCGCCGTTGTGTGTT-1,6.7269764,6.6610217
GTCGCGTAACCCGTTG-1,-3.2359083,-3.3329735
GTCGGATATCTCAGAC-1,4.027087,5.5933714
GTCGGATGTAGCGCGC-1,-7.382696,0.5096158
GTCGGGAAGCAGAAAC-1,1.3718624,1.0583276
GTCGTACCATCTCGGG-1,-2.7807777,-3.5758667
GTCGTATTGGCGTACA-1,-8.395343,4.2984676
GTCGTCTGGTTGGCTA-1,-5.865705,1.0370721
GTCGTGTCTGGTCATC-1,-0.19399308,-0.82983404
GTCGTTATTCGCTTAT-1,-0.74256265,-5.704439
GTCTAGTGAGCCGCTT-1,6.1190257,2.2649736
GTCTATCTGAGTTTCT-1,3.8373313,5.68003
GTCTATTGCATGCTCG-1,1.6666579,0.06430266
GTCTATTGGTTCCGGT-1,-4.510494,1.689727
GTCTCAAGGCCCGGCT-1,2.4521914,3.1027749
GTCTCGACTAAGTTTG-1,-9.495218,4.612785
GTCTCGATCTGCTTTC-1,-6.5291476,0.42539892
GTCTGGGCGGTCGAGA-1,5.575512,8.755962
GTCTTGAGGAGCAGTG-1,-5.445722,-0.7665947
GTCTTGTAGCTATTCA-1,-0.027122185,-0.7357013
GTGAAACGGCGCCACC-1,-8.541945,4.393128
GTGAACTCCCATTCGA-1,-10.249486,6.946831
GTGAAGATTTCAAGTG-1,-10.582279,5.0705557
GTGAAGCCGTATAGTC-1,-8.767348,5.1851797
GTGACAGCTTCCCACT-1,5.164824,7.678612
GTGACCGCACACTACG-1,-9.859914,6.90308
GTGACGAGGGTGACCC-1,-6.130567,0.5228966
GTGACGCAGGTTTCAT-1,4.052906,7.801573
GTGACTTCAGTAGTGC-1,2.9681857,5.6128387
GTGAGCGTGCTGCACT-1,6.0588903,5.2898035
GTGAGGACACTTAAGG-1,-2.7293503,-2.2695644
GTGAGTGGTACAACGC-1,3.6689677,4.9378996
GTGATCACTAACGCCT-1,-3.097821,-0.27254912
GTGATCATAGATCTGC-1,4.549976,3.3104997
GTGATCCTTGTCATGA-1,3.407945,1.2202188
GTGATTCGCCGCTCAA-1,5.1599517,8.515209
GTGCAACAAATGTGGC-1,1.3404057,-0.91556144
GTGCACGAAAGTGACT-1,5.801074,-3.1640434
GTGCCATCACACGGTG-1,6.774465,7.893375
GTGCCCGTTCGGATTC-1,-5.2779865,-1.2167692
GTGCCGCTTCAAAGGT-1,5.081479,6.4396696
GTGCCTGAGACCAAAC-1,1.4635035,0.3047819
GTGCGAAATCGAACAC-1,5.8335276,8.552659
GTGCGACAGGGAGTGT-1,-10.33809,6.970432
GTGCGGGTCTCCAAAT-1,-2.0669694,-2.6035678
GTGCGTGTATATGAGC-1,-6.56604,-1.0464587
GTGCTCAAGTACTGTC-1,-3.0253139,-3.3586633
GTGCTTACATCAGCGC-1,-5.1158075,1.5492895
GTGGAACCTACATGCG-1,-7.514876,0.3765968
GTGGACGCATTTGTCC-1,2.8981256,3.6394136
GTGGAGTCGGCGGTTG-1,0.904351,2.3080654
GTGGGCTTAGACACAC-1,4.5415945,5.7496533
GTGGTATAGTCTGCCG-1,0.74465275,1.4483072
GTGGTGGCCAAGTGAA-1,-0.43124953,-0.7669156
GTGGTTACTTCTTTCG-1,-10.052802,7.0187073
GTGGTTTCCGCCTTTC-1,6.8926387,7.0269146
GTGTACCTTGGCTACG-1,-7.395786,5.1162977
GTGTATATCAGCGGGC-1,5.6002502,3.0204296
GTGTCGTATAGCGTTC-1,-0.13134135,-4.3037734
GTGTGAATAACTTAGG-1,-7.656099,5.439472
GTGTTACTATGCGTCC-1,-3.260526,-2.5737548
GTTAAAGTAGGACTGG-1,1.2631718,-0.3783595
GTTAACATCACTTAAA-1,5.519903,2.624315
GTTAACTATGTTGTCA-1,-4.3138576,-1.2194893
GTTAAGGGTGCGATGT-1,2.5271356,3.5025191
GTTAAGTTAGAGTGGG-1,-4.997049,-1.081094
GTTACAATTGGTGACG-1,6.3923287,8.222108
GTTACCTACAACTTGC-1,-0.24029851,-4.464202
GTTACTTTGGGCCTAG-1,5.108087,4.712418
GTTAGCCCATGACATC-1,6.695542,5.9505796
GTTAGCCGTAAATCAA-1,-8.609527,6.193885
GTTATAATACGGTGAA-1,0.43858927,-3.8675272
GTTATATCAGGAGCCA-1,-9.390134,3.599428
GTTATATTATCTCCCT-1,4.913489,4.4620147
GTTCACAGGAGTCTAG-1,6.416995,6.910746
GTTCATCGTTTGGCTG-1,-10.27584,6.7846894
GTTCCAGTCTGACCAT-1,-2.9082153,-2.1522472
GTTCCCGTAAACATAT-1,-0.38886675,0.86990076
GTTCGCCATAAGTGCC-1,-3.0782323,-3.1234028
GTTCGCTGAGACGTCT-1,1.6552625,-0.5402998
GTTCGGAGCACTCAAC-1,6.2516274,2.2406478
GTTCGGATCGGGAACA-1,-2.5572367,-0.4995564
GTTCGGGCGTACCATT-1,-10.447904,6.5598583
GTTCGTCTAAAGAACT-1,0.8203091,-0.627964
GTTCGTCTGGGTCCCT-1,-7.548986,2.8403802
GTTCTTCCCTCGATGT-1,2.454185,4.462973
GTTGAACCGGTTCCAT-1,6.6393313,7.9109683
GTTGAGTCCCGCCGGT-1,-0.6576332,-5.5854025
GTTGCACGGAGTTTCG-1,-2.6455793,-3.1813753
GTTGCGCTAACATTAC-1,-3.3450673,-2.8646944
GTTGCGGACGGTCAGG-1,-4.720876,1.6566247
GTTGGACCGCATCAGG-1,-7.935113,3.181322
GTTGGATTCAGTGGCT-1,-7.425325,2.2933095
GTTGGATTGAGAACAC-1,-9.30282,6.7587166
GTTGGATTTGCGTTGG-1,4.466048,3.4351375
GTTGGTCATGCTATCC-1,4.2484813,4.5137477
GTTGTCGTGTTAGTTG-1,1.4939322,0.6865406
GTTGTTGCAAGATGGC-1,6.9288387,2.4844859
GTTTACGTTCCATCTG-1,-3.139625,-3.276159
GTTTCAAACGAGTTGT-1,3.046799,0.7434399
GTTTCATATCGTCGCT-1,0.9240527,1.4288523
GTTTCCTGGAGGGTGA-1,-3.1137068,-3.2121184
GTTTCTAGAGGCGCGG-1,0.8065312,0.29799017
GTTTCTGCAGTCTCCC-1,-3.665534,-4.77083
GTTTGACCAAATCCTA-1,5.691766,-4.5736527
GTTTGGCCCAAGTTAT-1,-1.4911826,-0.7772321
GTTTGGGCTTGTGAGC-1,4.4644995,3.3408961
GTTTGGGTTTCGCCCG-1,3.5549612,0.78724927
GTTTGGTAGGGTCAAC-1,2.5451536,4.758005
TAAAGACAACCCTTTA-1,-2.1371026,-1.2809573
TAAAGCGTTAGGAGAA-1,-7.534389,5.239297
TAAAGCTGCAATAGGG-1,-8.352691,2.9107091
TAAATCTTTACACCTC-1,-6.2153363,0.89916867
TAACAAAGGGAGAAGC-1,3.262363,4.3536696
TAACATACAATGTGGG-1,-3.0201252,-3.4242766
TAACCTACCGTCCGAG-1,-9.978403,6.9857564
TAACCTAGGGAGTCCA-1,4.8216147,0.56521016
TAACGCTTTGAGAGCG-1,5.9213676,7.3526897
TAACTATCGAAGGTCC-1,5.012231,4.397864
TAACTATTACGCCAAA-1,-9.325701,6.889213
TAACTCATCCGCGCGG-1,3.6154516,4.7289653
TAACTCCATGGAGGCT-1,7.0167465,6.4450655
TAAGGCAACATAAGAT-1,5.6366105,-3.4324207
TAAGGCATAACATCAA-1,5.106722,8.368722
TAAGGCCCGTCACCCT-1,2.4756985,3.1279578
TAAGGCTGAATCCCTC-1,-3.4030316,-2.3798378
TAAGGGCCTGTCCGAT-1,0.028463257,-4.63207
TAAGTAACATCTTGAC-1,5.0436378,8.959501
TAAGTTGCGACGTAGG-1,-0.015008118,-4.2912526
TAATAAACAAGGAGAT-1,-7.276388,2.1067219
TAATACACAGTAGTAT-1,-0.07524836,1.1568986
TAATACTAGAACAGAC-1,0.5476839,1.1817685
TAATAGAACAGAGTTA-1,6.397911,8.33064
TAATAGTGACGACCAG-1,-10.507358,6.4481215
TAATATTGAAATTCGC-1,2.3766022,4.260598
TAATCGATCCGTACGT-1,-7.3852744,4.943554
TAATTACGTCAGTAGA-1,2.7738018,0.3507206
TAATTAGGACATCCGT-1,-6.2282753,0.3612205
TAATTCCAATGCTTCA-1,4.8226533,1.2762694
TAATTGGAATCGGGAA-1,-8.536483,4.4774275
TACAACGCACAACTCA-1,4.497979,4.8393807
TACAAGGGCTTCTTTA-1,2.9925323,1.0030551
TACAAGTCTCGTGCAT-1,7.361279,7.144441
TACACCGTCGTTAGTC-1,-7.896534,4.2553315
TACAGAAACGGTGGGC-1,4.489706,1.0565722
TACATAGGCATACACC-1,-2.047893,-4.6194158
TACATGCCGGAATTGT-1,5.145628,0.8409391
TACATTTCTAACGTGC-1,-2.3444629,-2.0863652
TACCAAATAGCCCAGA-1,5.152236,7.2970185
TACCAATAAAGTACCA-1,-0.50497884,-5.4280553
TACCAGAAGTAGGTTC-1,2.8499763,5.9429746
TACCGAATAATTGTAA-1,6.851653,2.4566598
TACCGCGGACTTGCAG-1,-10.880247,7.00315
TACCGGCTCACTGCCC-1,-0.9242645,-5.83972
TACCGTAGGTTAACTA-1,5.009095,9.08124
TACCGTGCCTCGGACC-1,-2.2327359,-3.7353175
TACCTACTCCCAGTAT-1,2.4266882,4.1917315
TACCTCAGTTGTCTGT-1,7.098496,7.0881886
TACCTCTTTACCATCC-1,0.80807596,2.2592506
TACCTGCTGCACTGTG-1,6.4157486,5.8236322
TACGAACACGACTTCA-1,-3.5414379,-4.4453287
TACGACGCTTGCTGCG-1,4.0156474,4.3205447
TACGACTGCCTCTTAG-1,-0.9082363,-5.8113685
TACGAGAACTTCACGT-1,3.8088465,5.3493633
TACGATGTTGATCATC-1,6.4433417,7.928951
TACGCAGTTCTTTCCT-1,4.697472,4.643862
TACGCCATATTCTAAT-1,-2.785586,-3.8469095
TACGCCTCCATTCCGA-1,2.529868,4.7355075
TACGCTATAGAAACCT-1,-10.748258,7.048807
TACGCTCGGTATTGGA-1,5.1752176,0.77523804
TACGGCATGGACGCTA-1,6.0094967,2.1668057
TACGGGATGCTAGCAG-1,-4.9085217,0.49307194
TACGTAAAGCGGAGTG-1,1.9413987,0.10880832
TACGTGCACTATGCTG-1,5.4166393,5.8774843
TACGTGGGCCCAGGGC-1,1.7181462,0.3537831
TACGTTTACCGGCAAT-1,7.119463,7.4302597
TACTATGGTTCCTCAG-1,4.6186385,7.5469184
TACTCTCCGAACAAAT-1,-2.7539794,-0.62588406
TACTCTTACTTTACTG-1,-0.77269256,-1.5371727
TACTCTTTCGTCTTCA-1,6.606432,6.7685513
TACTGAACAGATTTAG-1,6.4716883,7.560584
TACTGCAATCAATTAC-1,-10.504092,5.3649035
TACTGGACAGCTCGGC-1,6.906395,6.496314
TACTGTTTCTCTGGTA-1,-3.602073,-0.24200961
TACTTAAACATGTACA-1,6.8947425,2.527689
TACTTGTTAGTAGTCC-1,-8.509919,6.395907
TACTTTACTGAGCCGG-1,-10.877419,6.8108273
TAGAAAGGTGGCGCTA-1,-9.573603,6.265939
TAGAATAGCCGATGAA-1,5.108556,0.6306453
TAGACGAAACGCCAAT-1,5.7974205,7.0345545
TAGACGCCCGTACCGG-1,-11.121746,6.647155
TAGACTACCTAGCGTT-1,-5.612063,-0.8209492
TAGAGGTTCTACTTGT-1,-1.0714866,-5.365379
TAGAGTCTAAGCGAAC-1,0.31572735,0.028755533
TAGATATGGACTGGAA-1,3.4753022,5.9822445
TAGATGGTTCCTTACT-1,5.517564,1.0285102
TAGCAACCTGTCACAA-1,7.767356,6.266706
TAGCAGTATGACTAAA-1,7.0113573,2.6218607
TAGCCATTTCAAAGTC-1,-2.3343112,-2.8148973
TAGCCGGCGGTCAGCG-1,-9.300819,5.8443727
TAGCGTCCCTCGATTG-1,-3.699146,-0.36836535
TAGCGTCCGGTGTGGT-1,-0.28254128,-4.4912915
TAGCGTTGGGTCTTAC-1,-4.095118,-5.6933036
TAGCTAAGTCCGGGAG-1,4.8550825,-4.3409386
TAGCTAGAAGGCATGA-1,2.7392998,5.724226
TAGCTAGTGATGATGG-1,6.1135454,5.5086765
TAGCTCGCCTGATAAC-1,3.3564913,5.8831353
TAGGCATGTTACGCCA-1,-10.675298,5.408473
TAGGCCTATATAGTCT-1,6.7570205,2.5187192
TAGGCTAAAGTGGCAC-1,5.2876186,1.9608227
TAGGGAGCTTGGGATG-1,-10.987865,6.6644826
TAGGGTGTTTCAAGAG-1,0.045772027,0.38652772
TAGGTCCAAGTAAGGA-1,6.8104763,6.2379785
TAGGTCGCCGGAACTG-1,-10.800003,6.935972
TAGGTGACGATAACCT-1,5.1765466,4.4700513
TAGGTGAGCCCTACTC-1,6.043424,6.575635
TAGGTGCTCGCCTAGC-1,-6.419536,-0.87818533
TAGGTGTTCCACAGAT-1,4.7592325,8.876228
TAGGTTCGAGTTCGTC-1,-2.4754531,-3.2746768
TAGTCCGCAGAGAATG-1,4.5399537,2.9693074
TAGTCGATCACGGGTT-1,-2.7839952,0.03166152
TAGTCTAACAACGAGA-1,6.8552074,7.9011154
TAGTCTGTGACGTTGC-1,-8.55418,5.214733
TAGTCTTTCCGAATTG-1,-4.443155,2.054938
TAGTGCCCTCCAGAGT-1,-3.3896737,-3.6372392
TATAAATCCACAAGCT-1,4.7907286,3.3134174
TATAAGTGAGGATAGC-1,5.0924945,4.842039
TATACACAGACGCCTT-1,3.6289237,3.6562085
TATACACGCAAAGTAT-1,0.9085049,0.7504426
TATACCGAGTGCCACA-1,-4.4518576,2.0477002
TATACGCGTCATCACT-1,2.230406,3.5444665
TATAGATGGTCGCAGT-1,-5.8719673,-1.1781477
TATATCCCTGGGAGGA-1,-9.266265,6.671767
TATATTACAAATGTCG-1,-9.083331,3.435004
TATCACCCAACCGACC-1,-9.978989,5.0926924
TATCACTTCGAGTAAC-1,-9.018806,3.1932337
TATCCAATTGGTTATC-1,-0.11673256,-4.4669156
TATCCATATCATGCGA-1,-2.5436332,-1.905418
TATCCGCACCGTCGGG-1,4.4161797,7.6127067
TATCGATCTATGCATA-1,-8.179373,2.7326536
TATCGATGATTAAACG-1,-2.924396,-3.1470456
TATCTACAGAGGTAAT-1,7.956566,6.2066355
TATCTACCACAGCGGG-1,-2.1238873,-4.5597715
TATGAAGAATTAAGGT-1,1.3732022,-0.019610977
TATGATCCGGCACGCC-1,-9.017468,6.297993
TATGATCTTCTCTTTA-1,0.44170272,-2.3848505
TATGCTCCCTACTTAC-1,0.33689803,0.45590413
TATGGATGTGCTACGC-1,1.0423231,0.05296861
TATGGCCCGGCCTCGC-1,5.4962335,7.8524885
TATGGGACCGAGCAGG-1,-3.782074,-5.0523806
TATGGGTACGTATCGT-1,-3.3432596,-3.8114944
TATGGTCTGAGTAACA-1,-4.303826,-6.03941
TATGGTTAGTGGGAGA-1,-2.8415787,-1.0183192
TATGTCAAGACCGACT-1,-9.409927,3.6141028
TATGTCTCATTGTGCC-1,-7.2821903,5.071704
TATTAACCTGACCGCG-1,6.7757545,7.2263827
TATTACCATCCTGCTT-1,-8.0946665,5.4763093
TATTCAATTCTAATCC-1,-11.242565,5.424136
TATTCCACTCAGCTCG-1,3.9692888,5.24801
TATTCCGAGCTGTTAT-1,0.2423905,-2.4826329
TATTCGTGCCAGAATA-1,-3.2608647,-3.4086268
TATTGACATTTCTGCC-1,-3.84749,-0.9986796
TATTGCCGGGCTTGTA-1,0.97251374,0.49059573
TATTTAGTCTAGATCG-1,-2.2375903,-2.390855
TATTTATACCGAGTAG-1,-7.5285716,0.3969005
TATTTGATTTGCACAG-1,5.7909794,1.401578
TATTTGTTACCCTTTA-1,4.555505,2.997789
TCAAACAACCGCGTCG-1,0.36899725,0.12955168
TCAAACTTAGATTGTT-1,-0.17474599,-0.4494137
TCAAATTGTTGTGCCG-1,7.965625,6.20134
TCAAATTTGAGACTCA-1,2.111589,1.5021428
TCAACATAGCGCCCTA-1,6.4108377,6.853134
TCAACCATGTTCGGGC-1,-2.360456,-1.9598123
TCAACGAGGAGACAAA-1,4.645623,3.085416
TCAACTGCAGAGTCAG-1,2.8020313,0.97144216
TCAAGAAATACTAGCT-1,-8.923135,6.511865
TCAAGCGCGGACGGTA-1,4.891272,1.3011259
TCAAGGTTACTACACC-1,-6.2876105,-0.60479313
TCAATACGCCGTCATG-1,6.7447724,7.571826
TCACAAACCGAGGTAC-1,5.8455772,1.6039097
TCACAGCAAACTCGAA-1,6.000708,8.058925
TCACAGGAGAATAAGA-1,5.205486,8.360536
TCACAGGGAATCGCAA-1,-0.2727157,-0.67845625
TCACAGGTTATTGGGC-1,4.109548,2.7638128
TCACCCTCTTAAGATT-1,4.1852427,2.7258596
TCACCGCTCGGCACTC-1,-9.896649,5.264341
TCACGCATTGTAGATC-1,3.8472004,2.760123
TCACGGTCATCGCACA-1,4.676187,2.638252
TCACGTGCCCGATTCA-1,-4.1643643,-5.9155607
TCACTCGTGCAACGGC-1,-7.4061604,2.4271111
TCAGAACCTCCACAGG-1,-9.860116,6.5170054
TCAGACGCTATAGAAG-1,-0.7175375,-5.0873375
TCAGCAAATGCATCTC-1,-11.233428,5.764927
TCAGCCAATCCGTAAA-1,1.1784085,0.034721844
TCAGGGTGTAACGTAA-1,-11.062632,5.192761
TCAGGTTCTTTGAGAA-1,3.943526,4.660425
TCAGTACTGACCCGCG-1,3.9144168,6.131614
TCAGTAGGGACTATAA-1,3.1610723,4.995737
TCATAAGTCCAAGAAG-1,6.6772747,2.4108663
TCATACTTACAGATCC-1,7.5149674,5.848428
TCATATGAGCTTTGTT-1,6.85229,7.4756007
TCATCCTCAGCTGCTT-1,5.4607344,2.0692701
TCATGCAGGTTCTCAT-1,-6.813145,1.0470028
TCATTTAAGTCTCCGA-1,-8.767004,6.6434298
TCATTTAGAAGTGTGA-1,1.639837,-0.15535429
TCCAACTCAGCTATCT-1,6.0407767,2.1072016
TCCAACTTTAAATTCT-1,4.2610884,5.8900185
TCCAAGCCTAGACACA-1,6.123326,6.2104144
TCCAATAAAGGCTACC-1,5.985559,5.3166604
TCCACAATGGTTTACG-1,3.4827912,6.0190454
TCCACCTCTAGCCTTT-1,7.176005,7.296626
TCCACTTTATCTAGGT-1,-8.826293,6.6817355
TCCAGAGCACCGGTTC-1,-4.06665,-5.793599
TCCAGATGTACGCCAA-1,-8.143275,4.823678
TCCAGCGCTATAAGCG-1,-4.562276,1.8030192
TCCAGGCGAGTACGGT-1,-0.3054324,0.6282471
TCCAGGGTATATACGA-1,5.4908695,7.9892373
TCCCAAACAGACAACG-1,-8.784463,4.4549713
TCCCAAAGACGAAGGA-1,0.5646283,1.0379133
TCCCAAAGCCCTAAAT-1,-5.2893806,-0.91003805
TCCCACTCTCTTCCGG-1,-10.889824,7.0569124
TCCCAGCTTTAGTCTG-1,-4.341733,-6.079985
TCCCAGGCTTAGCTAA-1,3.43495,2.472165
TCCCGCCTATGTGCGT-1,-5.6502514,1.2417595
TCCCGCGTACTCCTGG-1,5.492174,-4.59224
TCCCGGGTGTGCTGCT-1,5.314328,6.846288
TCCCGTCAGTCCCGCA-1,0.5600656,-0.24595468
TCCCGTCGCGTCATAG-1,-7.627672,2.2781227
TCCCGTGTGCAATTTG-1,-1.8436775,-1.1271877
TCCCTAGATCAATAGG-1,-6.371891,0.03735379
TCCCTCTTCTCAAGGG-1,6.993677,2.5693152
TCCCTGGCTCGCTGGA-1,7.8117194,6.421656
TCCCTTAGATTACTCG-1,-6.6189833,1.3617259
TCCGAACGTTGCCGCT-1,-4.4947195,2.003614
TCCGAATGGTCCTGAG-1,-2.6406436,-2.4190435
TCCGATAATTGCCATA-1,1.2770687,0.17090875
TCCGATGACTGAGCTC-1,0.47845554,-0.3673882
TCCGATGGTGCGACAT-1,0.49737367,-0.02123654
TCCGATTACATTGCCG-1,5.623574,7.7387033
TCCGCCTGTCTACAAG-1,5.621397,2.573961
TCCGCGGCAGCATCTG-1,-10.081217,5.664938
TCCGCGGCCCAATGAA-1,-0.09255562,-3.7799103
TCCGCTGTCATCCCGG-1,-0.085450165,-3.1545906
TCCGCTTATCCCATTA-1,4.733113,2.9341824
TCCGGCCTAGCGTACA-1,-8.663678,5.6227775
TCCGGGCTTGACGGGA-1,4.571085,1.6002882
TCCGGTTCGTCCGGTC-1,2.663588,5.4991508
TCCGTTAAGCTAATAT-1,-0.098900095,-5.6688337
TCCGTTTAGCCTTGAA-1,-10.686785,5.7674794
TCCTAAAGATTCAGAC-1,7.3521237,5.911421
TCCTAAATTGGGAAGC-1,5.7148137,3.3470514
TCCTACATCCACGGCC-1,-3.010122,-3.5507333
TCCTAGCAAAGAAGCT-1,5.6699696,6.820828
TCCTATCATAGGTAAC-1,-5.5081034,1.3882616
TCCTCGGGCTGGGCTT-1,-2.7180023,-2.3766947
TCCTCTACGAGATGGC-1,5.8363595,6.731554
TCCTGCGTTGATACTC-1,7.2897806,6.6317058
TCCTTACGACGGTCCG-1,-6.32461,-0.9009505
TCCTTCAGTGGTCGAA-1,0.022041207,0.4521101
TCCTTTAAATCCGCTT-1,0.08901837,-4.347981
TCCTTTCTTACGCTTA-1,5.4456906,-4.5701523
TCGAAATTTAGGACCA-1,5.187247,3.836344
TCGAAGAACCGAGCAC-1,-5.501265,-0.23460934
TCGAGACCAACACCGT-1,-2.566334,-1.8793641
TCGAGGGCAACAGACG-1,5.579426,1.5119578
TCGCAAAGATGCATTT-1,-0.75749135,-5.7765617
TCGCACCAGGAGGCAG-1,-0.59973645,-3.612466
TCGCATAAAGGGCGCA-1,3.3750348,0.7148114
TCGCCGAAGTTGCGTC-1,5.9794655,8.19734
TCGCCGACATATTCGC-1,5.4423547,1.9424934
TCGCCGGTCGATCCGT-1,5.5783653,-4.7742786
TCGCGTAGCAGTGTCC-1,0.31288916,-0.7474369
TCGCGTCCAGAAGGTC-1,6.748602,7.245552
TCGCTAAACCGCTATC-1,-6.057247,0.1503385
TCGCTACTGGCTTTGA-1,4.428348,7.8737774
TCGCTCGATATATTCC-1,1.5445179,-0.8289355
TCGCTCGGCACCAGCG-1,-8.137751,5.4812846
TCGCTGCCAATGCTGT-1,6.7622066,5.8341994
TCGCTGGGCGGATTGT-1,-11.202773,5.4906635
TCGCTGTGCGTAAATC-1,2.5096114,4.3444204
TCGCTTTAAACGTTTG-1,-7.836744,4.5711184
TCGGAATGCGCTCTGA-1,7.022671,7.853407
TCGGACGCCCAGCCCA-1,-10.762615,6.5534472
TCGGAGTACATGAGTA-1,-8.313795,5.9695
TCGGCGAACCCAAACC-1,-6.179784,0.6802765
TCGGCTTGTATCGACG-1,0.11079315,-4.078699
TCGGGAACGTGCCTAG-1,-10.363955,6.5412626
TCGGGAGACAGCGTAC-1,2.5612454,1.3209443
TCGGGCCGTCGTGGTA-1,-4.986634,-0.802362
TCGGTGACCGCTCCGG-1,-8.292289,2.8755858
TCGTAAGACGACATTG-1,-10.956384,5.7595778
TCGTAAGCTCCGAGGA-1,-8.340993,3.9927797
TCGTCCGCTGGCGTCT-1,4.6346574,3.2749333
TCGTCTTAGGCGTTAA-1,-1.0034014,-3.2656057
TCGTGTACTATGGATG-1,0.52841896,-0.7924032
TCGTGTATTGGTCACG-1,0.63854975,-0.67997557
TCGTGTTCGACCACAA-1,0.30702895,-4.784744
TCGTTAGGAGTCCCTA-1,3.034431,5.775554
TCGTTGCTATCCGGTC-1,4.203845,7.8064623
TCTACCCAATAGAGAG-1,-0.285341,-4.5001044
TCTACCGTCCACAAGC-1,5.3148026,-4.587917
TCTAGCATCTTCGATG-1,5.800982,4.685594
TCTAGCATGCCCAGAA-1,-1.4100717,-4.716348
TCTAGGTGGCGACGCT-1,-10.883661,6.5239286
TCTAGTGATATCGTGG-1,-2.4668233,-1.6122284
TCTAGTTATCAGAAGA-1,-3.449014,-4.2819195
TCTATAGGTGGGTAAT-1,4.189548,1.2397177
TCTATCATGCAGTTAC-1,2.830383,4.320957
TCTATCGGTCGCAACA-1,0.018744724,0.8453996
TCTATGCTATAACGAC-1,6.037462,1.8381866
TCTATTACGCTGGCGA-1,2.1624253,4.908564
TCTCATGAGATAGGGT-1,0.23541644,-4.9197497
TCTCCAACGTAGGTTA-1,-0.43298697,0.15389
TCTCCACAAGTTGAAT-1,4.5252643,1.6284941
TCTCCCTGGGCAGCGT-1,-0.8293829,-4.9687014
TCTCGACGTATCGCCG-1,-5.0810843,1.4643887
TCTCGAGGAGGTTCGC-1,0.6951349,-4.725194
TCTCTAATAGCTGGTA-1,-3.2263293,-2.7527058
TCTCTCGCCGCACATA-1,5.0928044,0.95702165
TCTGAACCGGTCGGCT-1,3.9107957,3.5786414
TCTGAACTCGTACCCG-1,-2.8436263,0.0053731413
TCTGAAGCACGTGGTC-1,0.7359741,-1.4913085
TCTGAATTCCGTACAA-1,-10.980461,6.7718883
TCTGACGGGCTAACCC-1,-3.778749,0.08369947
TCTGAGCAATTGACTG-1,0.02581668,0.0002703973
TCTGATCGGGTGCTAG-1,-3.9418437,-0.89690006
TCTGATGTATTCTGTC-1,-0.6475202,-5.084052
TCTGATTGGAAATGGA-1,-4.867446,-1.0302726
TCTGCATACCTTGCTT-1,5.4049783,0.9482406
TCTGCCAGAAACTGCA-1,-3.1891005,-3.1093528
TCTGGGAACCTTTGAA-1,-5.3695645,-0.8483813
TCTGGGTAGCGCTCAT-1,5.7755523,8.146026
TCTGTGCCATCATAGT-1,-7.148075,4.965202
TCTGTTACCCAGCATA-1,6.117399,5.6150002
TCTTACAGAGGTACCG-1,2.294287,3.8978837
TCTTACCGGAACTCGT-1,-9.274546,3.397188
TCTTACGGCATCCGAC-1,5.980341,6.700935
TCTTACTTATGCCTCT-1,-6.0098553,-0.33824065
TCTTAGAGCTCCAATT-1,-2.0771282,-0.5260094
TCTTAGAGTGAACTCT-1,-1.6687657,-0.97445524
TCTTCCCATGGGCACA-1,-11.109684,6.8247776
TCTTCGAATAGACGTT-1,-3.2127678,-3.5073164
TCTTCGATACCAATAA-1,-2.7411458,-3.1304424
TCTTCGCGGTGAGAGG-1,-3.4905758,0.3457363
TCTTCTATAACCCGCC-1,-4.0868645,-0.289685
TCTTGATGCGTAGCGA-1,-2.1739564,-1.8156747
TCTTGCTCCCGATACT-1,6.7287755,7.0871296
TCTTGGTAACACCAAA-1,0.19012295,0.6719581
TCTTTAAGACTATGAA-1,-11.243077,6.783681
TCTTTAGAGTCTAACA-1,-4.4760265,1.9202416
TCTTTAGCAGGCGAAC-1,-5.3163447,0.5929497
TCTTTCCTTCGAGATA-1,3.2209067,2.23974
TGAAAGGACCTGACTC-1,-9.164343,6.4957833
TGAATACCGACGCGTA-1,5.4154534,7.027917
TGAATATGCTATAAAC-1,-7.5354166,2.2942016
TGAATGTCAGCCGGCC-1,-4.5607977,0.47305462
TGACACTTCTCTTTGC-1,-8.567796,3.1076221
TGACATCGAGCGGACC-1,-10.50049,6.7050996
TGACCAAATCTTAAAC-1,5.7524195,6.5897956
TGACCCACGTTAGACA-1,4.844326,3.513489
TGACGATGCACTAGAA-1,-9.955015,7.0421343
TGACTATAATCCTTTC-1,-1.3546135,-5.300018
TGAGAATGCTTTACCG-1,-2.0950592,-1.4646264
TGAGAGATTTACCACG-1,-5.44168,-0.5448605
TGAGATTAGGCCCTAA-1,-7.3699207,2.238547
TGAGCCATACAGTCTC-1,6.0967093,8.396156
TGAGCGGAAAGTGTTC-1,4.959125,3.967524
TGAGCTTTAATGACGC-1,-5.825003,0.3075781
TGAGGAGTGCCAGCTT-1,5.1264076,7.5619965
TGAGTAAATTAGCGTA-1,5.06992,4.324705
TGAGTGCCTCTTAAAT-1,5.1507487,9.014361
TGAGTGGTCCGTGACG-1,-10.357661,5.448908
TGAGTTAAAGACATTC-1,-4.378651,2.0026073
TGATACATTTAGCCGT-1,6.335047,7.6465864
TGATCCCAGCATTAGT-1,-9.20046,6.1588106
TGATCGGTTTGACCCT-1,0.6590452,-0.036943123
TGATCTACGCTGATCT-1,-8.237975,2.8846028
TGATCTCCGGCGCCAG-1,-3.198599,-3.007014
TGATGGCTGTTTCTGA-1,-3.355885,-1.8807908
TGATGTCAATTAAGTG-1,5.9242177,1.6221063
TGATTCGTCTATCACT-1,3.3032234,3.773624
TGATTCTGTCGCCGGT-1,5.7614446,8.63207
TGATTTATTAGCTGTG-1,5.5580106,7.8935137
TGATTTCCTCCTGACG-1,2.5998566,5.1156096
TGCAACCCATCTGCGG-1,4.455708,2.009759
TGCAACTACTGGTTGA-1,1.7919338,0.09008835
TGCAAGAATGACGTAA-1,5.6902323,-4.5059123
TGCAATCTAACACGGT-1,4.621783,1.8060199
TGCAGAGTACCGAGCA-1,4.817458,5.2482104
TGCAGGATCGGCAAAG-1,0.5284288,-0.2373476
TGCAGTTTCCTCCCAT-1,-6.374061,-1.0792446
TGCATATGTCTGTCAC-1,-8.344829,5.654325
TGCATGGATCGGATCT-1,0.550208,0.07052501
TGCATGTGGTAATCTA-1,-2.1199093,0.07332152
TGCCAATGGGTACTCT-1,5.4585967,7.347307
TGCCACCTGGCGAAAC-1,1.0087256,-0.6084002
TGCCAGTACGTGGAGA-1,-0.97889197,-5.118814
TGCCATTACTAAAGAA-1,-7.919217,3.8489168
TGCCCGTACCGTTAAA-1,-1.9478172,-1.3164616
TGCCGAAAGCGTATTC-1,-4.245632,0.0592372
TGCCGTGGATCGTCCT-1,2.559316,2.711544
TGCCTAATTGAAGATT-1,-0.13380435,-4.8041935
TGCCTGATCAAACGAT-1,5.672777,-3.27844
TGCCTTGGCCAGGCAA-1,-0.5757537,-5.1774287
TGCGACACCCTAGTGC-1,3.3887985,6.1076393
TGCGAGAATATTACCC-1,5.881,8.365602
TGCGCAAAGCATTTGG-1,-1.0721936,-0.70734423
TGCGCGATTAACGGAG-1,4.329227,4.8145247
TGCGGACTTGACTCCG-1,7.1276503,5.832316
TGCGGAGTAAAGGTGC-1,5.509647,-4.2219515
TGCGTAAGAACCTGAT-1,5.4000893,7.315961
TGCGTACGGCTAATTG-1,1.6753445,0.17911996
TGCGTTTGTTGACACT-1,-2.5545807,-1.676999
TGCTAAGTGTCTATTT-1,0.68631244,-1.2587919
TGCTCCACAGTTCTTA-1,-1.7323827,-0.3151074
TGCTCGGCGAAACCCA-1,2.3526034,3.8651674
TGCTCGGTGGGTCACC-1,7.022626,7.031677
TGCTCTTGAGAGTTTG-1,4.601845,7.5733685
TGCTGGTTGGACAATT-1,4.7469664,2.819976
TGCTGTTGAAGAACTC-1,-4.128559,-5.859057
TGCTTCCCAAGCAGTA-1,5.623601,7.4522986
TGGAACCACTGACACA-1,-9.422076,5.7905602
TGGAAGAAGGGAACGT-1,5.2738295,8.678037
TGGAAGGATAAAGATG-1,0.27349982,0.060637556
TGGAATATCCTTGACC-1,-10.026589,5.067725
TGGACCAATCTAAGAT-1,3.2337856,1.0861653
TGGACTGTTCGCTCAA-1,-3.1621058,-2.3251557
TGGAGGGAAACACCTC-1,-4.640046,0.4920405
TGGAGTGATGCGATGA-1,4.611971,4.2176256
TGGCAAACTAAATTAC-1,-0.6105181,-5.522159
TGGCAACTCGCGCGCC-1,-8.186881,3.8073936
TGGCAATGGGACGGCG-1,-0.46685508,0.8324751
TGGCAGATTACGATCA-1,4.130826,2.6884968
TGGCAGCAGTAATAGT-1,-2.7859185,-3.947458
TGGCCAAACTGAAGTA-1,-11.093662,5.999792
TGGCCGTATATTGACC-1,5.0987926,5.3481855
TGGCGACTGCTCCAAA-1,4.137345,7.842862
TGGCGATCAAGTTATG-1,3.64548,5.5845766
TGGCTACACTCTACCT-1,4.6705036,1.5266973
TGGCTATGTGACATAC-1,3.2723436,1.2327048
TGGCTTGTACAAGCTT-1,-7.4996614,2.4502528
TGGCTTTGGGTAGACA-1,-2.4480615,-1.7450793
TGGGAAATGCCTTTCC-1,6.8578053,6.607851
TGGGCAATAGTTGGGT-1,-2.5198424,-0.3255252
TGGGCAGGCCACCGCA-1,4.65642,0.63059187
TGGGCCACAAGAGCGC-1,5.777127,-3.1132534
TGGGCCCATACTAATT-1,-3.1401708,-0.9710631
TGGGTGCACAAGCCAT-1,1.9757433,0.5440334
TGGGTGTAATAGATTT-1,0.94706047,0.3172386
TGGTAGAATATATGGG-1,-6.119318,-0.5026069
TGGTCCCACGCTACGG-1,-0.19826639,-5.3258805
TGGTCTGTTGGGCGTA-1,7.2585163,6.4136524
TGGTTAAGGGCGCTGG-1,-8.291493,5.4750605
TGGTTCAACGGGTAAT-1,-1.1555861,-4.73724
TGGTTCGTAGCAAAGG-1,3.007656,3.402862
TGGTTTAAACGTGGGT-1,-8.411521,5.2244973
TGTACCTACACGAGGG-1,1.746149,0.11254529
TGTACGAACAAATCCG-1,-2.891392,-3.8922312
TGTACTACTCTCACGG-1,-5.7864337,1.3879796
TGTAGCCATCCCATTC-1,3.0986736,0.5089247
TGTAGGAGAAATTTCC-1,-7.737462,5.798877
TGTAGTGATCTATAAT-1,5.6377935,8.206279
TGTATAACAGATCCTG-1,-11.3113365,6.3465157
TGTATGGCGCAGACAG-1,-1.7391921,-0.80987436
TGTCATTTGTTGGGAA-1,-9.187045,4.4434557
TGTCCACGGCTCAACT-1,3.6568856,1.2617936
TGTCCTAAGTCACCGC-1,7.184547,7.5301194
TGTGACTACGCCAGTC-1,5.68049,-3.4883807
TGTGAGACTAGCCCAA-1,2.5057836,4.7628117
TGTGCCGGTGCCGGAA-1,-1.0199369,-2.8739688
TGTGGCAAAGCGTATG-1,-9.100444,5.7543926
TGTGGCGGGCTTCTGG-1,6.138999,5.4524746
TGTGGCTCCCACCAAC-1,-4.0162625,-0.06606256
TGTGTAGTAGCACGTG-1,3.0939996,0.9558405
TGTGTCGCGAGTTGCA-1,5.0299144,3.7837765
TGTTCCGCTTCCATGA-1,4.004017,6.089857
TGTTCGTATTGCGGTG-1,4.8174963,3.7659686
TGTTCTTCCATTGACT-1,3.9912217,5.521787
TGTTGTCAAGAAGTCT-1,-7.4619756,4.8078074
TGTTTCGGTACTTCTC-1,-2.8135293,-2.0899746
TGTTTGAGATCGTCAG-1,-4.8145757,1.170775
TTAAACTCGAATTCAT-1,-10.90243,6.6187143
TTAACACCTCGAACAT-1,1.0912757,1.3171835
TTAACCAACCCTCCCT-1,-2.346376,-1.6492478
TTAACGAACAAGCAGT-1,-9.3598175,3.4315407
TTAAGATAGGATTGAC-1,-3.6339974,-1.1041105
TTAAGCGCCTGACCCA-1,4.9812307,4.7421613
TTAAGTATTGTTATCC-1,4.1539564,1.0030327
TTAATCAGTACGTCAG-1,0.05139021,0.096140705
TTAATGTAGACCAGGT-1,-0.32831532,-0.63160187
TTAATTGCTTTGGGTG-1,1.430623,0.73940855
TTAATTTCAGACGCGG-1,5.5954404,-3.3006616
TTACAACTACGCATCC-1,-0.5322238,0.43128368
TTACACGATCTGCGAC-1,1.8880503,-0.13299818
TTACAGACCTAAATGA-1,-8.868248,6.380941
TTACATCGTGGCCTGG-1,1.2650719,1.1923121
TTACATGCCACAACTA-1,-3.7693117,-1.9964352
TTACCATTGATTACCC-1,7.0763817,7.6654296
TTACCCATTGCCGGGT-1,-6.4455075,0.72216636
TTACCCTAACAGTCCT-1,6.914812,6.0420475
TTACCCTAGGGATTGG-1,4.040539,7.85927
TTACGGATGGTTCGAG-1,-8.332511,6.236672
TTACGTATCTATGACA-1,6.933569,2.456808
TTACTAAAGGACTTTA-1,0.05201694,-4.694245
TTACTCCGGCCGGGAA-1,-11.073797,5.4503284
TTACTCTGGTACGTAC-1,7.3796105,7.179363
TTACTGGGATATTTCA-1,4.3287387,3.9916155
TTACTGTCTAGAGCTC-1,-7.9460735,3.3703263
TTAGAAGAACATGACT-1,4.9021287,3.4133718
TTAGACACGATCGTTG-1,-6.560782,0.7124183
TTAGACGAGTCACCTC-1,-4.5216794,1.4016662
TTAGAGTTTAGAAGGA-1,-4.4476852,-0.58058554
TTAGCAACATGGATGT-1,6.272302,5.6633554
TTAGCTAATACGATCT-1,-9.601013,4.7546406
TTAGCTGATTTGCCGT-1,-10.384007,6.428749
TTAGTAAACCTGCTCT-1,5.6021867,1.7884628
TTAGTAGGGCGGCGGG-1,6.494157,5.828065
TTAGTTATTCGTGGCA-1,-2.245328,-0.014432276
TTAGTTCAAGTGTTCG-1,-8.834297,4.233041
TTATAGGTAATTGTCT-1,2.6291215,3.3893976
TTATATACGCTGTCAC-1,-2.3798697,-1.6065679
TTATATTTGGCAATCC-1,0.49137926,0.3630178
TTATCCAATCGAACTC-1,1.3862014,0.4051209
TTATCCGGGATCTATA-1,0.22035635,-5.467748
TTATCTGTATCATAAC-1,0.5646137,0.1727739
TTATGAATGAAAGGGA-1,-1.6678954,-5.136129
TTATGACAAACTGGAT-1,3.486905,5.6181126
TTATGATCTTAACGAA-1,-6.3907876,-0.85824156
TTATTAGAGCGTGTTC-1,-1.9746207,-4.505192
TTATTAGGGAAGCATC-1,-2.0860908,-2.823842
TTATTATCTGGAAGGC-1,5.025136,1.0108203
TTCAAAGTCTCTAGCC-1,-9.287672,5.2818065
TTCAACGACCCGACCG-1,-2.9429193,-3.7609677
TTCAATACTCTGAATC-1,-9.550369,6.5695033
TTCACGAAAGGATCAC-1,3.8068697,2.6440263
TTCACTCGAGCACCTA-1,5.5024314,2.7509408
TTCAGCCCTGGTCCAC-1,0.07966646,-2.852996
TTCAGCTGGCGTGCCC-1,-0.31258786,-5.2463393
TTCATGGCGCAACAGG-1,0.78492105,-0.3839529
TTCCAATCAGAGCTAG-1,-7.2774,5.0340033
TTCCAATCTGGCTATC-1,3.3650882,6.2394032
TTCCACACAGATTTGA-1,5.034834,9.11313
TTCCAGACGAGATTTA-1,-5.6832266,-0.6329559
TTCCATCGACAGCGTG-1,2.8543386,0.68552244
TTCCGCAGAGAAATAT-1,-9.555023,5.457194
TTCCGCGTGAGGCGAT-1,-1.2304965,-4.4174137
TTCCGGCCTTGAGGCT-1,5.654608,8.147794
TTCCGGTATCTGTGTC-1,-3.7503183,-1.1339197
TTCCTCGAGGGTGTCT-1,-3.311827,-2.525419
TTCCTCGGACTAACCA-1,0.6382693,-4.5368714
TTCGACAGAGCCCGTG-1,5.170927,1.3797051
TTCGACGGGAAGGGCG-1,5.027249,2.9085793
TTCGCACTCGCGTGCT-1,4.727004,2.8227773
TTCGCACTGTACGACA-1,4.3986063,7.7983117
TTCGCGCGCCATACGA-1,6.809864,6.828004
TTCGCTAGGAAGTTGT-1,-4.1448727,-1.0796167
TTCGCTATCTGACGTG-1,-8.641165,4.70304
TTCGGCAACCCGCTGA-1,-5.1383414,-0.466631
TTCGGGACTAATCGCG-1,-2.9584322,-2.5120912
TTCGGGTTGCCACGGG-1,4.92897,0.6040053
TTCGGTGGAGACGCCC-1,-5.5229816,1.3692006
TTCGTACTCCAGAACG-1,5.692753,7.8394394
TTCGTTCAACGAAGTT-1,-9.96537,4.935535
TTCTAACCGAAGCTTA-1,-8.97466,6.7463703
TTCTACTTGCGAGGGC-1,6.473358,5.6101847
TTCTAGAAAGTCTTAT-1,1.0015912,2.521936
TTCTAGGCCAATTGTG-1,4.41303,2.893974
TTCTATGCCTTTCGCA-1,-5.944416,0.7981079
TTCTGACCGGGCTCAA-1,-0.8319712,-5.0577497
TTCTGCCGCGCCTAGA-1,-0.7673849,-5.3554387
TTCTGCGGGTTAGCGG-1,-1.3775789,-0.82169425
TTCTGCTAGACTCCAA-1,-10.204906,7.213528
TTCTTAGTGAACGGTG-1,0.99542934,1.6903588
TTCTTAGTGGCTCAGA-1,5.7241125,-4.8395476
TTCTTATCCGCTGGGT-1,-5.8196836,-0.56514823
TTCTTGAGCCGCGCTA-1,4.965383,8.43889
TTCTTGCTAGCATCTC-1,-3.6488426,-0.25512066
TTCTTGGAGTAATGAG-1,-1.0157353,-0.06652354
TTCTTGTAACCTAATG-1,5.0866985,5.8494954
TTCTTTGGTCGCGACG-1,-10.162557,5.294195
TTGAACGACGTGCTGA-1,4.735025,1.0439814
TTGAAGAATTCCCAGG-1,-2.8380828,-2.749679
TTGAATATGGACTTTC-1,-11.009747,6.013317
TTGAATTCACGTGAGG-1,-8.493252,5.909122
TTGACAGGAGCTCCCG-1,-5.537265,-0.24121009
TTGACCAGGAACAACT-1,2.6449583,1.4125317
TTGACCATGTTCTCCG-1,-7.688223,4.584292
TTGACCGTGTTAATGA-1,7.2036743,6.436188
TTGACGCTCCATGAGC-1,-4.062887,-1.115541
TTGACTACCATATGGT-1,5.400772,7.910395
TTGACTATTGTCCGGC-1,-0.7363322,-0.55517274
TTGAGAAGTTTAGCAT-1,0.32960576,-2.8745093
TTGAGAGTACTGCTAA-1,5.3280573,8.603682
TTGAGCAGCCCACGGT-1,-4.534754,0.43290484
TTGAGCGCCACGTGAT-1,-3.3689082,-1.0923986
TTGAGTCCCGCTGCTG-1,-2.1268883,-0.401236
TTGATAGTCAATACAT-1,-3.3430681,-1.7534319
TTGATCTAACTTTGTC-1,4.6104984,2.9107883
TTGATGTGTAGTCCCG-1,-9.187604,3.6618702
TTGATTATGCAGATGA-1,6.301567,6.48235
TTGCACAATTCAGAAA-1,4.6625013,2.9686391
TTGCACGGAGCAGCAC-1,5.6735096,-4.8859153
TTGCATGCTGATCACG-1,6.337968,7.842744
TTGCCAAGCAGAACCC-1,-3.8421383,-0.1658661
TTGCCCTGATCACGGG-1,5.580568,7.548584
TTGCCGCTTTCTAGTA-1,1.3526615,0.534769
TTGCCTTCTCGCCGGG-1,0.26718193,1.206662
TTGCGGCATCAGAAAG-1,4.988477,8.502406
TTGCGTCGGCCAACCG-1,5.6311326,8.1725025
TTGCGTGTGTAGGCAT-1,1.3504632,-0.20261306
TTGCTCATAGTACGTG-1,2.0233772,0.14400113
TTGCTCCCATACCGGA-1,5.460764,-3.2635174
TTGCTGAAGGAACCAC-1,-2.5327346,-3.1165395
TTGCTGATCATGTTCG-1,-4.192573,-5.9132986
TTGGACATGTGGCTTA-1,6.0987854,5.348457
TTGGACCATCTGGCAA-1,0.32155505,-5.678987
TTGGACCTATAACAGT-1,-0.21979262,-3.179437
TTGGATATCGTCTACG-1,2.7432747,5.051131
TTGGATTGGGTACCAC-1,-1.8496602,-1.1866406
TTGGCCTAGAATTTCG-1,-7.4322205,0.4049971
TTGGCGATCCGAATAT-1,-2.6423104,0.049782734
TTGGCTCAATATGTGT-1,6.807858,2.5205884
TTGGCTCGCATGAGAC-1,4.353808,3.971389
TTGGGACACTGCCCGC-1,-1.7046118,-1.2356808
TTGGGACGTAAGAGTT-1,0.68202084,-5.34318
TTGGGCGGCGGTTGCC-1,-10.907418,5.797711
TTGGTATGGCTTGTGT-1,-5.6564674,1.2401173
TTGGTCACACTCGTAA-1,3.6119592,5.7413826
TTGTAAGGCCAGTTGG-1,-7.172575,4.796154
TTGTAATCCGTACTCG-1,-3.8483865,-5.3104486
TTGTCGTTCAGTTACC-1,1.2663832,-0.69633216
TTGTGAACCTAATCCG-1,0.4952017,-2.744684
TTGTGCAGCCACGTCA-1,5.0303683,4.087888
TTGTGGCCCTGACAGT-1,5.681964,-4.855279
TTGTGGTGGTACTAAG-1,5.9852705,1.9278201
TTGTGTATGCCACCAA-1,2.2050674,3.7201247
TTGTGTTTCCCGAAAG-1,4.906386,4.5773606
TTGTTAGCAAATTCGA-1,-0.035301372,-0.69556373
TTGTTCAGTGTGCTAC-1,0.4047797,0.43050972
TTGTTGTGTGTCAAGA-1,-8.527969,6.509453
TTGTTTCACATCCAGG-1,1.1160479,2.6805727
